"rodne_nid","rodne_pid","trid","rodne_uid","site_name","uid","stid","multistem","rcdm","conifer","rodne_site_ab","plot_type","plot_size","rodne_sid","corvallis_core","spcd","diam_cm","capo_num","cond","con_numeric","inner_ring","outer_ring","pith","d2pith_cm","metlen_age","harvest_date","plantassoc","pvt","bps","insol","insol_value","tpi","true_age","year_sampled","spcd_mod","aet","pet","deficit","elevation","diam_in","inddensity","tree_area","tpa","sdi_acre","basal_area_acre","biostrat","x","y","snag_spcd_group","snag_slope","snag_dbh","snagfall_rogers","snagfall_mellen","decay_25_rogers","decay_50_rogers","decay_75_rogers","decay_25_mellen","decay_50_mellen","decay_75_mellen","endyear_rogers","endyear_mellen","deathyear_rogers","deathyear_mellen","end_year","ci_age_lower","predicted_age","ci_age_upper","pred_pith"
1,"A07",11,"A070029_new","Ashland","AW69_011_01_new","1_new",1,45,"Hardwood","A","density",0.1,NA,"NO","ARME",22.3704520705278,4,"LIVE",1,NA,NA,NA,NA,NA,NA,"PSME/DRY SHRUB","Douglas-fir - Dry","Mediterranean California Dry-Mesic Mixed Conifer Forest and Woodland","Cool",916706.0625,"Mid Slope",NA,2012,6,534,738,204,923,3.74015748031496,0.207311704254486,0.0762969481371328,255,267,168,"Douglas-fir - Dry,Cool,Mid Slope",-122.70899549,42.16578451,NA,NA,NA,NA,NA,NA,NA,NA,NA,NA,NA,NA,NA,NA,NA,1959,40,86,109,1873
2,"A07",22,"A070039_004_new","Ashland","AW69_022_02_004_new","2_new",1,NA,"Hardwood","A","density",0.1,NA,"NO","ARME",22.6886963923975,0,"OLDER DEAD",4,NA,NA,NA,NA,NA,NA,"PSME/DRY SHRUB","Douglas-fir - Dry","Mediterranean California Dry-Mesic Mixed Conifer Forest and Woodland","Cool",916706.0625,"Mid Slope",NA,2012,6,534,738,204,923,0.984251968503937,0.024488944517889,0.00528372217016155,255,267,168,"Douglas-fir - Dry,Cool,Mid Slope",-122.70899549,42.16578451,"Pacific madrone","Other","Small",0.0497322111706197,0.0850555555555556,-7.60356803384786,-3.80178401692393,-1.57788293118239,-7.60356803384786,-3.80178401692393,-1.57788293118239,2008,2008,2008,2008,1959,40,86,109,1873
3,"A07",74,"A070095_new","Ashland","AW69_074_01_new","1_new",1,42,"Hardwood","A","density",0.1,NA,"NO","QUKE",20.2674190744624,4,"LIVE",1,NA,NA,NA,NA,NA,NA,"PSME/DRY SHRUB","Douglas-fir - Dry","Mediterranean California Dry-Mesic Mixed Conifer Forest and Woodland","Cool",916706.0625,"Mid Slope",NA,2012,3,534,738,204,923,4.29133858267717,0.258314300714895,0.100441444965903,255,267,168,"Douglas-fir - Dry,Cool,Mid Slope",-122.70899549,42.16578451,NA,NA,NA,NA,NA,NA,NA,NA,NA,NA,NA,NA,NA,NA,NA,1959,40,86,109,1873
4,"A12",79,"A120131_new","Ashland","AW73_079_03_new","3_new",1,NA,"Hardwood","A","density",0.1,NA,"NO","ARME",20.6160823258461,0,"OLDER DEAD",4,NA,NA,NA,NA,NA,NA,"PSME-PIPO/RHDI6","Douglas-fir - Dry","Mediterranean California Dry-Mesic Mixed Conifer Forest and Woodland","Warm",1284636.75,"Mid Slope",NA,2012,6,540,725,185,1032,2.95275590551181,0.14202476352394,0.0475534995314539,231,325,211,"Douglas-fir - Dry,Warm,Mid Slope",-122.70004468,42.15691476,"Pacific madrone","Other","Small",0.0497322111706197,0.0850555555555556,-7.60356803384786,-3.80178401692393,-1.57788293118239,-7.60356803384786,-3.80178401692393,-1.57788293118239,2008,2008,2008,2008,1940,48,89,107,1851
5,"A17",86,"A170097_new","Ashland","AW22_086_04_new","3_new",1,NA,"Hardwood","A","density",0.1,NA,"NO","ARME",34.8329531892607,3,"LIVE",1,NA,NA,NA,NA,NA,NA,"PSME-PIPO/RHDI6","Douglas-fir - Dry","Mediterranean California Dry-Mesic Mixed Conifer Forest and Woodland","Warm",1405492.5,"Ridge Top",NA,2012,6,544,700,156,1103,5.51181102362205,0.385541302725637,0.165697527256266,437,361,205,"Douglas-fir - Dry,Warm,Ridge Top",-122.72987228,42.15189564,NA,NA,NA,NA,NA,NA,NA,NA,NA,NA,NA,NA,NA,NA,NA,1960,46,61,101,1899
6,"A38",14,"A380032_new","Ashland","AW48_014_04_new","3_new",1,NA,"Hardwood","A","density",0.1,NA,"NO","ARME",20.9836617901247,0,"CLEAN SNAG",5,NA,NA,NA,NA,NA,NA,"PSME-ABCO","White fir - Intermediate","Mediterranean California Dry-Mesic Mixed Conifer Forest and Woodland","Warm",1181808.5,"Ridge Top",NA,2011,6,562,757,194,1258,1.96850393700787,0.0742365978042368,0.0211348886806462,591,438,229,"White fir - Intermediate,Warm,Ridge Top",-122.72745247,42.12662687,"Pacific madrone","Ridgetop","Small",0.0497322111706197,0.143888888888889,-17.5225369431286,-8.76126847156432,-3.63625495694863,-17.5225369431286,-8.76126847156432,-3.63625495694863,2002,2002,2002,2002,1942,50,88,98,1854
7,"A38",117,"A380231_new","Ashland","AW48_117_02_new","1_new",1,95,"Hardwood","A","density",0.1,NA,"NO","ARME",19.1560253925054,2,"LIVE",1,NA,NA,NA,NA,NA,NA,"PSME-ABCO","White fir - Intermediate","Mediterranean California Dry-Mesic Mixed Conifer Forest and Woodland","Warm",1181808.5,"Ridge Top",NA,2011,6,562,757,194,1258,9.44881889763779,0.9132801956714,0.486947835202088,591,438,229,"White fir - Intermediate,Warm,Ridge Top",-122.72745247,42.12662687,NA,NA,NA,NA,NA,NA,NA,NA,NA,NA,NA,NA,NA,NA,NA,1920,50,80,98,1840
8,"A42",30,"A420039_new","Ashland","AW44_030_02_new","1_new",1,60,"Hardwood","A","density",0.1,NA,"NO","ARME",19.7949648845635,0,"RECENT DEAD",3,NA,NA,NA,NA,NA,NA,"PSME-ABCO","White fir - Intermediate","Mediterranean California Dry-Mesic Mixed Conifer Forest and Woodland","Cool",1107916.75,"Mid Slope",NA,2011,6,577,786,208,1252,5.70866141732283,0.407807169792628,0.177744413804234,348,306,174,"White fir - Intermediate,Cool,Mid Slope",-122.73211391,42.12217268,"Pacific madrone","Other","Small",0.0497322111706197,0.0850555555555556,NA,NA,NA,NA,NA,NA,NA,NA,2011,2011,1922,58,75,96,1847
9,"B03",49,"B030059_new","Big Butte","BB03_049_03_new","3_new",1,NA,"Hardwood","B","density",0.1,NA,"NO","QUKE",18.3590604072111,0,"BROKEN TOPPED SNAG",6,NA,NA,NA,NA,NA,NA,"PSME-PIPO/RHDI6","Douglas-fir - Dry","Mediterranean California Dry-Mesic Mixed Conifer Forest and Woodland","Warm",1187062.75,"Mid Slope",NA,2012,3,566,781,214,693,5.90551181102362,0.430538573855914,0.190213998125816,328,336,207,"Douglas-fir - Dry,Warm,Mid Slope",-122.68467677,42.55834966,"Misc hardwoods","Other","Small",0.0716364450414148,0.133833333333333,-37.5594948281219,-18.779747414061,-7.7942994038202,-28.5595414128617,-14.2797707064309,-5.92664032427235,1993,1998,1993,1998,1915,56,72,106,1843
10,"C10",48,"C100053_new","Trail Creek","TL11_048_02_new","2_new",1,NA,"Hardwood","C","density",0.1,NA,"NO","ARME",28.4362458602861,0,"OLDER DEAD",4,NA,NA,NA,NA,NA,NA,"PSME/DRY SHRUB","Douglas-fir - Dry","Mediterranean California Dry-Mesic Mixed Conifer Forest and Woodland","Cool",1086468.625,"Bottom Slope",NA,2012,6,536,731,194,649,2.95275590551181,0.14202476352394,0.0475534995314539,202,268,174,"Douglas-fir - Dry,Cool,Bottom Slope",-122.85432378,42.69575777,"Pacific madrone","Other","Small",0.0497322111706197,0.0850555555555556,-7.60356803384786,-3.80178401692393,-1.57788293118239,-7.60356803384786,-3.80178401692393,-1.57788293118239,2008,2008,2008,2008,1915,48,91,108,1824
11,"E03",56,"E030013_new","Elder Creek","ED03_056_01_new","1_new",1,45,"Hardwood","E","density",0.1,"E0313","YES","QUCH",17.2454848028242,4,"LIVE",1,NA,NA,NA,NA,NA,NA,"PSME-CADE27-PIJE","Jeffrey pine","Mediterranean California Dry-Mesic Mixed Conifer Forest and Woodland","Warm",1382142.5,"Mid Slope",NA,2014,3,607,823,216,895,5.31496062992126,0.363747555160172,0.154073338481911,129,484,404,"Jeffrey pine,Warm,Mid Slope",-123.56438933,42.0536577,NA,NA,NA,NA,NA,NA,NA,NA,NA,NA,NA,NA,NA,NA,NA,1926,70,113,128,1813
12,"E03",9,"E030021_new","Elder Creek","ED03_009_01_new","1_new",1,50,"Hardwood","E","density",0.1,NA,"NO","QUCH",21.2474273672648,4,"LIVE",1,NA,NA,NA,NA,NA,NA,"PSME-CADE27-PIJE","Jeffrey pine","Mediterranean California Dry-Mesic Mixed Conifer Forest and Woodland","Warm",1382142.5,"Mid Slope",NA,2014,3,607,823,216,895,5.03937007874016,0.334042715000915,0.138509606457483,129,484,404,"Jeffrey pine,Warm,Mid Slope",-123.56438933,42.0536577,NA,NA,NA,NA,NA,NA,NA,NA,NA,NA,NA,NA,NA,NA,NA,1927,70,114,128,1813
13,"E03",34,"E030046_new","Elder Creek","ED03_034_01_new","1_new",1,51,"Hardwood","E","density",0.1,NA,"NO","QUCH",20.639736631409,3,"LIVE",1,NA,NA,NA,NA,NA,NA,"PSME-CADE27-PIJE","Jeffrey pine","Mediterranean California Dry-Mesic Mixed Conifer Forest and Woodland","Warm",1382142.5,"Mid Slope",NA,2014,3,607,823,216,895,5.31496062992126,0.363747555160172,0.154073338481911,129,484,404,"Jeffrey pine,Warm,Mid Slope",-123.56438933,42.0536577,NA,NA,NA,NA,NA,NA,NA,NA,NA,NA,NA,NA,NA,NA,NA,1926,70,114,128,1812
14,"G01",9,"G010016_new","Grayback Creek","GB01_009_01_new","1_new",1,126,"Hardwood","G","density",0.1,NA,"NO","LIDE",35.9967647900945,3,"LIVE",1,NA,NA,NA,NA,NA,NA,"LIDE3-PSME-QUCH2/RHDI6","Tan oak - Douglas-fir - Dry","Mediterranean California Mixed-Evergreen Forest -- Interior","Warm",1374851.125,"Mid Slope",NA,2014,3,568,776,208,784,7.32283464566929,0.607416750550542,0.292473043518254,158,338,274,"Tan oak - Douglas-fir - Dry,Warm,Mid Slope",-123.45100927,42.14707493,NA,NA,NA,NA,NA,NA,NA,NA,NA,NA,NA,NA,NA,NA,NA,1928,45,96,160,1832
15,"G01",70,"G010112_new","Grayback Creek","GB01_070_01_new","1_new",1,104,"Hardwood","G","density",0.1,NA,"NO","ARME",21.4102871211426,2,"LIVE",1,NA,NA,NA,NA,NA,NA,"LIDE3-PSME-QUCH2/RHDI6","Tan oak - Douglas-fir - Dry","Mediterranean California Mixed-Evergreen Forest -- Interior","Warm",1374851.125,"Mid Slope",NA,2014,6,568,776,208,784,9.64566929133858,0.94391261086494,0.507448677222315,158,338,274,"Tan oak - Douglas-fir - Dry,Warm,Mid Slope",-123.45100927,42.14707493,NA,NA,NA,NA,NA,NA,NA,NA,NA,NA,NA,NA,NA,NA,NA,1918,45,86,177,1832
16,"G01",81,"G010136_new","Grayback Creek","GB01_081_03_new","3_new",1,NA,"Hardwood","G","density",0.1,NA,"NO","ARME",50.4303643183062,0,"BROKEN TOPPED SNAG",6,NA,NA,NA,NA,NA,NA,"LIDE3-PSME-QUCH2/RHDI6","Tan oak - Douglas-fir - Dry","Mediterranean California Mixed-Evergreen Forest -- Interior","Warm",1374851.125,"Mid Slope",NA,2014,6,568,776,208,784,3.61521377952756,0.196342525927377,0.071284540844222,158,338,274,"Tan oak - Douglas-fir - Dry,Warm,Mid Slope",-123.45100927,42.14707493,"Pacific madrone","Other","Small",0.0497322111706197,0.0850555555555556,-46.0852578110958,-23.0426289055479,-9.56355507776901,-34.504947450749,-17.2524737253745,-7.16042355135339,1991,1997,1991,1997,1927,79,99,160,1828
17,"G04",13,"G040035_new","Grayback Creek","GB04_013_03_new","3_new",1,NA,"Hardwood","G","density",0.1,NA,"NO","ARME",19.4447992455804,0,"BROKEN BUTT SNAG",7,NA,NA,NA,NA,NA,NA,"LIDE3-PSME-QUCH2/RHDI6","Tan oak - Douglas-fir - Dry","Mediterranean California Mixed-Evergreen Forest -- Interior","Warm",1377836.875,"Mid Slope",NA,2014,6,567,776,210,768,3.93700787401575,0.225043282266502,0.0845395547225848,158,488,397,"Tan oak - Douglas-fir - Dry,Warm,Mid Slope",-123.45195001,42.14631724,"Pacific madrone","Other","Small",0.0497322111706197,0.0850555555555556,-74.647978679063,-37.3239893395315,-15.4908551985894,-51.4873579583693,-25.7436789791847,-10.6845921457581,1977,1988,1977,1988,1924,45,80,143,1844
18,"G04",17,"G040043_new","Grayback Creek","GB04_017_02_new","2_new",1,NA,"Hardwood","G","density",0.1,NA,"NO","ARME",28.240043430666,0,"OLDER DEAD",4,NA,NA,NA,NA,NA,NA,"LIDE3-PSME-QUCH2/RHDI6","Tan oak - Douglas-fir - Dry","Mediterranean California Mixed-Evergreen Forest -- Interior","Warm",1377836.875,"Mid Slope",NA,2014,6,567,776,210,768,5.86614173228346,0.425955355407758,0.18768626543961,158,488,397,"Tan oak - Douglas-fir - Dry,Warm,Mid Slope",-123.45195001,42.14631724,"Pacific madrone","Other","Small",0.0497322111706197,0.0850555555555556,-7.60356803384786,-3.80178401692393,-1.57788293118239,-7.60356803384786,-3.80178401692393,-1.57788293118239,2010,2010,2010,2010,1934,45,67,110,1867
19,"G04",18,"G040048_new","Grayback Creek","GB04_018_01_new","1_new",1,50,"Hardwood","G","density",0.1,NA,"NO","ARME",15.8428396093493,0,"OLDER DEAD",4,NA,NA,NA,NA,NA,NA,"LIDE3-PSME-QUCH2/RHDI6","Tan oak - Douglas-fir - Dry","Mediterranean California Mixed-Evergreen Forest -- Interior","Warm",1377836.875,"Mid Slope",NA,2014,6,567,776,210,768,5.90551181102362,0.430538573855914,0.190213998125816,158,488,397,"Tan oak - Douglas-fir - Dry,Warm,Mid Slope",-123.45195001,42.14631724,"Pacific madrone","Other","Small",0.0497322111706197,0.0850555555555556,-7.60356803384786,-3.80178401692393,-1.57788293118239,-7.60356803384786,-3.80178401692393,-1.57788293118239,2010,2010,2010,2010,1934,45,77,143,1857
20,"G04",38,"G040088_new","Grayback Creek","GB04_038_03_new","3_new",1,NA,"Hardwood","G","density",0.1,NA,"NO","ARME",23.996568447176,0,"OLDER DEAD",4,NA,NA,NA,NA,NA,NA,"LIDE3-PSME-QUCH2/RHDI6","Tan oak - Douglas-fir - Dry","Mediterranean California Mixed-Evergreen Forest -- Interior","Warm",1377836.875,"Mid Slope",NA,2014,6,567,776,210,768,7.08661417322835,0.576370920806797,0.273908157301175,158,488,397,"Tan oak - Douglas-fir - Dry,Warm,Mid Slope",-123.45195001,42.14631724,"Pacific madrone","Other","Small",0.0497322111706197,0.0850555555555556,-7.60356803384786,-3.80178401692393,-1.57788293118239,-7.60356803384786,-3.80178401692393,-1.57788293118239,2010,2010,2010,2010,1930,45,69,141,1861
21,"G04",40,"G040090_new","Grayback Creek","GB04_040_01_new","1_new",1,108,"Hardwood","G","density",0.1,NA,"NO","LIDE",30.5620509051258,3,"LIVE",1,NA,NA,NA,NA,NA,NA,"LIDE3-PSME-QUCH2/RHDI6","Tan oak - Douglas-fir - Dry","Mediterranean California Mixed-Evergreen Forest -- Interior","Warm",1377836.875,"Mid Slope",NA,2014,3,567,776,210,768,6.65354330708661,0.521056455427938,0.241453422243174,158,488,397,"Tan oak - Douglas-fir - Dry,Warm,Mid Slope",-123.45195001,42.14631724,NA,NA,NA,NA,NA,NA,NA,NA,NA,NA,NA,NA,NA,NA,NA,1935,45,67,110,1868
22,"G05",38,"G050087_new","Grayback Creek","GB05_038_01_new","1_new",1,45,"Hardwood","G","density",0.1,NA,"NO","LIDE",20.3472421759929,4,"LIVE",1,NA,NA,NA,NA,NA,NA,"LIDE3-PSME-QUCH2/RHDI6","Tan oak - Douglas-fir - Dry","Mediterranean California Mixed-Evergreen Forest -- Interior","Warm",1351937.625,"Mid Slope",NA,2014,3,567,804,236,627,4.7244094488189,0.301270110735157,0.121736958800522,69,463,466,"Tan oak - Douglas-fir - Dry,Warm,Mid Slope",-123.45793745,42.14233661,NA,NA,NA,NA,NA,NA,NA,NA,NA,NA,NA,NA,NA,NA,NA,1943,53,117,137,1826
23,"G05",54,"G050104_new","Grayback Creek","GB05_054_02_new","2_new",1,NA,"Hardwood","G","density",0.1,NA,"NO","LIDE",20.0046381210749,0,"BROKEN BUTT SNAG",7,NA,NA,NA,NA,NA,NA,"LIDE3-PSME-QUCH2/RHDI6","Tan oak - Douglas-fir - Dry","Mediterranean California Mixed-Evergreen Forest -- Interior","Warm",1351937.625,"Mid Slope",NA,2014,3,567,804,236,627,0.984251968503937,0.024488944517889,0.00528372217016155,69,463,466,"Tan oak - Douglas-fir - Dry,Warm,Mid Slope",-123.45793745,42.14233661,"Misc hardwoods","Other","Small",0.0716364450414148,0.133833333333333,-57.5964527131152,-28.7982263565576,-11.9523438506918,-39.5965458825948,-19.7982729412974,-8.21702569159607,1985,1994,1985,1994,1924,53,117,137,1807
24,"G06",2,"G060012_new","Grayback Creek","GB06_002_02_new","2_new",1,NA,"Hardwood","G","density",0.1,NA,"NO","LIDE",29.2774529133203,4,"LIVE",1,NA,NA,NA,NA,NA,NA,"LIDE3-PSME-QUCH2/RHDI6","Tan oak - Douglas-fir - Dry","Mediterranean California Mixed-Evergreen Forest -- Interior","Warm",1365462,"Ridge Top",NA,2014,3,553,758,205,672,2.95275590551181,0.14202476352394,0.0475534995314539,69,493,484,"Tan oak - Douglas-fir - Dry,Warm,Ridge Top",-123.45627471,42.1428335,NA,NA,NA,NA,NA,NA,NA,NA,NA,NA,NA,NA,NA,NA,NA,1917,85,100,215,1817
25,"G06",20,"G060046_new","Grayback Creek","GB06_020_02_new","2_new",1,NA,"Hardwood","G","density",0.1,NA,"NO","LIDE",24.1370850151095,0,"RECENT DEAD",3,NA,NA,NA,NA,NA,NA,"LIDE3-PSME-QUCH2/RHDI6","Tan oak - Douglas-fir - Dry","Mediterranean California Mixed-Evergreen Forest -- Interior","Warm",1365462,"Ridge Top",NA,2014,3,553,758,205,672,2.95275590551181,0.14202476352394,0.0475534995314539,69,493,484,"Tan oak - Douglas-fir - Dry,Warm,Ridge Top",-123.45627471,42.1428335,"Misc hardwoods","Ridgetop","Small",0.0716364450414148,0.226333333333333,NA,NA,NA,NA,NA,NA,NA,NA,2014,2014,1917,85,99,215,1818
26,"G06",48,"G060110_002_new","Grayback Creek","GB06_048_04_002_new","4_new",1,NA,"Hardwood","G","density",0.1,NA,"NO","LIDE",19.6097201364303,0,"RECENT DEAD",3,NA,NA,NA,NA,NA,NA,"LIDE3-PSME-QUCH2/RHDI6","Tan oak - Douglas-fir - Dry","Mediterranean California Mixed-Evergreen Forest -- Interior","Warm",1365462,"Ridge Top",NA,2014,3,553,758,205,672,0.984251968503937,0.024488944517889,0.00528372217016155,69,493,484,"Tan oak - Douglas-fir - Dry,Warm,Ridge Top",-123.45627471,42.1428335,"Misc hardwoods","Ridgetop","Small",0.0716364450414148,0.226333333333333,NA,NA,NA,NA,NA,NA,NA,NA,2014,2014,1917,84.925,98,215,1819
27,"G06",56,"G060127_new","Grayback Creek","GB06_056_02_new","2_new",1,NA,"Hardwood","G","density",0.1,NA,"NO","LIDE",21.4082182634237,0,"OLDER DEAD",4,NA,NA,NA,NA,NA,NA,"LIDE3-PSME-QUCH2/RHDI6","Tan oak - Douglas-fir - Dry","Mediterranean California Mixed-Evergreen Forest -- Interior","Warm",1365462,"Ridge Top",NA,2014,3,553,758,205,672,0.984251968503937,0.024488944517889,0.00528372217016155,69,493,484,"Tan oak - Douglas-fir - Dry,Warm,Ridge Top",-123.45627471,42.1428335,"Misc hardwoods","Ridgetop","Small",0.0716364450414148,0.226333333333333,-7.60356803384786,-3.80178401692393,-1.57788293118239,-7.60356803384786,-3.80178401692393,-1.57788293118239,2010,2010,2010,2010,1914,84.925,98,215,1816
28,"G06",64,"G060143_new","Grayback Creek","GB06_064_01_new","1_new",1,92,"Hardwood","G","density",0.1,NA,"NO","LIDE",24.0486735162394,3,"LIVE",1,NA,NA,NA,NA,NA,NA,"LIDE3-PSME-QUCH2/RHDI6","Tan oak - Douglas-fir - Dry","Mediterranean California Mixed-Evergreen Forest -- Interior","Warm",1365462,"Ridge Top",NA,2014,3,553,758,205,672,8.85826771653543,0.823679168340479,0.427981495783085,69,493,484,"Tan oak - Douglas-fir - Dry,Warm,Ridge Top",-123.45627471,42.1428335,NA,NA,NA,NA,NA,NA,NA,NA,NA,NA,NA,NA,NA,NA,NA,1915,84.925,98,215,1817
29,"G06",65,"G060145_new","Grayback Creek","GB06_065_01_new","1_new",1,128,"Hardwood","G","density",0.1,NA,"NO","LIDE",41.5848632572935,4,"LIVE",1,NA,NA,NA,NA,NA,NA,"LIDE3-PSME-QUCH2/RHDI6","Tan oak - Douglas-fir - Dry","Mediterranean California Mixed-Evergreen Forest -- Interior","Warm",1365462,"Ridge Top",NA,2014,3,553,758,205,672,4.37007874015748,0.26593948259393,0.104161185373697,69,493,484,"Tan oak - Douglas-fir - Dry,Warm,Ridge Top",-123.45627471,42.1428335,NA,NA,NA,NA,NA,NA,NA,NA,NA,NA,NA,NA,NA,NA,NA,1917,85,92,127,1825
30,"G07",11,"G070031_new","Grayback Creek","GB07_011_01_new","1_new",1,80,"Hardwood","G","density",0.1,NA,"NO","LIDE",17.2953517924681,3,"LIVE",1,NA,NA,NA,NA,NA,NA,"LIDE3-PSME-QUCH2/RHDI6","Tan oak - Douglas-fir - Dry","Mediterranean California Mixed-Evergreen Forest -- Interior","Warm",1382572.375,"Ridge Top",NA,2014,3,558,772,214,714,7.08661417322835,0.576370920806797,0.273908157301175,109,314,285,"Tan oak - Douglas-fir - Dry,Warm,Ridge Top",-123.455999,42.14360666,NA,NA,NA,NA,NA,NA,NA,NA,NA,NA,NA,NA,NA,NA,NA,1928,71,86,90,1842
31,"G07",31,"G070090_new","Grayback Creek","GB07_031_01_new","1_new",1,100,"Hardwood","G","density",0.1,NA,"NO","LIDE",34.5145843351019,0,"OLDER DEAD",4,NA,NA,NA,NA,NA,NA,"LIDE3-PSME-QUCH2/RHDI6","Tan oak - Douglas-fir - Dry","Mediterranean California Mixed-Evergreen Forest -- Interior","Warm",1382572.375,"Ridge Top",NA,2014,3,558,772,214,714,4.33070866141732,0.262116493604645,0.102292861214328,109,314,285,"Tan oak - Douglas-fir - Dry,Warm,Ridge Top",-123.455999,42.14360666,"Misc hardwoods","Ridgetop","Small",0.0716364450414148,0.226333333333333,-7.60356803384786,-3.80178401692393,-1.57788293118239,-7.60356803384786,-3.80178401692393,-1.57788293118239,2010,2010,2010,2010,1921,80,98,186,1823
32,"G07",46,"G070118_new","Grayback Creek","GB07_046_01_new","1_new",1,80,"Hardwood","G","density",0.1,NA,"NO","LIDE",21.277720742315,3,"LIVE",1,NA,NA,NA,NA,NA,NA,"LIDE3-PSME-QUCH2/RHDI6","Tan oak - Douglas-fir - Dry","Mediterranean California Mixed-Evergreen Forest -- Interior","Warm",1382572.375,"Ridge Top",NA,2014,3,558,772,214,714,5.59055118110236,0.39439137109016,0.17046555814262,109,314,285,"Tan oak - Douglas-fir - Dry,Warm,Ridge Top",-123.455999,42.14360666,NA,NA,NA,NA,NA,NA,NA,NA,NA,NA,NA,NA,NA,NA,NA,1920,71,87,90,1833
33,"G07",47,"G070122_new","Grayback Creek","GB07_047_02_new","2_new",1,NA,"Hardwood","G","density",0.1,NA,"NO","ARME",36.6618259075826,0,"OLDER DEAD",4,NA,NA,NA,NA,NA,NA,"LIDE3-PSME-QUCH2/RHDI6","Tan oak - Douglas-fir - Dry","Mediterranean California Mixed-Evergreen Forest -- Interior","Warm",1382572.375,"Ridge Top",NA,2014,6,558,772,214,714,7.28346456692913,0.602200093840932,0.289336626038046,109,314,285,"Tan oak - Douglas-fir - Dry,Warm,Ridge Top",-123.455999,42.14360666,"Pacific madrone","Ridgetop","Small",0.0497322111706197,0.143888888888889,-7.60356803384786,-3.80178401692393,-1.57788293118239,-7.60356803384786,-3.80178401692393,-1.57788293118239,2010,2010,2010,2010,1924,80,98,186,1826
34,"G07",48,"G070123_new","Grayback Creek","GB07_048_01_new","1_new",1,225,"Hardwood","G","density",0.1,NA,"NO","ARME",52.5714328824728,2,"LIVE",1,NA,NA,NA,NA,NA,NA,"LIDE3-PSME-QUCH2/RHDI6","Tan oak - Douglas-fir - Dry","Mediterranean California Mixed-Evergreen Forest -- Interior","Warm",1382572.375,"Ridge Top",NA,2014,6,558,772,214,714,11.259842519685,1.20907072669407,0.691499741808854,109,314,285,"Tan oak - Douglas-fir - Dry,Warm,Ridge Top",-123.455999,42.14360666,NA,NA,NA,NA,NA,NA,NA,NA,NA,NA,NA,NA,NA,NA,NA,1914,101,169,505,1745
35,"G07",56,"G070137_new","Grayback Creek","GB07_056_01_new","1_new",1,98,"Hardwood","G","density",0.1,NA,"NO","ARME",24.6209028899171,2,"LIVE",1,NA,NA,NA,NA,NA,NA,"LIDE3-PSME-QUCH2/RHDI6","Tan oak - Douglas-fir - Dry","Mediterranean California Mixed-Evergreen Forest -- Interior","Warm",1382572.375,"Ridge Top",NA,2014,6,558,772,214,714,8.34645669291339,0.748864823474676,0.379954574745185,109,314,285,"Tan oak - Douglas-fir - Dry,Warm,Ridge Top",-123.455999,42.14360666,NA,NA,NA,NA,NA,NA,NA,NA,NA,NA,NA,NA,NA,NA,NA,1919,71,87,90,1832
36,"G07",58,"G070142_009_new","Grayback Creek","GB07_058_02_009_new","2_new",1,NA,"Hardwood","G","density",0.1,NA,"NO","LIDE",29.0480978546489,4,"LIVE",1,NA,NA,NA,NA,NA,NA,"LIDE3-PSME-QUCH2/RHDI6","Tan oak - Douglas-fir - Dry","Mediterranean California Mixed-Evergreen Forest -- Interior","Warm",1382572.375,"Ridge Top",NA,2014,3,558,772,214,714,0.984251968503937,0.024488944517889,0.00528372217016155,109,314,285,"Tan oak - Douglas-fir - Dry,Warm,Ridge Top",-123.455999,42.14360666,NA,NA,NA,NA,NA,NA,NA,NA,NA,NA,NA,NA,NA,NA,NA,1926,80,97,186,1829
37,"G07",69,"G070168_new","Grayback Creek","GB07_069_01_new","1_new",1,152,"Hardwood","G","density",0.1,NA,"NO","ARME",38.3394064964737,2,"LIVE",1,NA,NA,NA,NA,NA,NA,"LIDE3-PSME-QUCH2/RHDI6","Tan oak - Douglas-fir - Dry","Mediterranean California Mixed-Evergreen Forest -- Interior","Warm",1382572.375,"Ridge Top",NA,2014,6,558,772,214,714,9.88188976377953,0.981169428226074,0.532607648707756,109,314,285,"Tan oak - Douglas-fir - Dry,Warm,Ridge Top",-123.455999,42.14360666,NA,NA,NA,NA,NA,NA,NA,NA,NA,NA,NA,NA,NA,NA,NA,1923,80,113,186,1810
38,"G08",19,"G080036_new","Grayback Creek","GB08_019_02_new","2_new",1,NA,"Hardwood","G","density",0.1,NA,"NO","LIDE",26.381659570705,4,"LIVE",1,NA,NA,NA,NA,NA,NA,"LIDE3-PSME-QUCH2/RHDI6","Tan oak - Douglas-fir - Dry","Mediterranean California Mixed-Evergreen Forest -- Interior","Warm",1365764.25,"Mid Slope",NA,2014,3,562,766,204,740,0.984251968503937,0.024488944517889,0.00528372217016155,158,402,338,"Tan oak - Douglas-fir - Dry,Warm,Mid Slope",-123.4507647,42.14583106,NA,NA,NA,NA,NA,NA,NA,NA,NA,NA,NA,NA,NA,NA,NA,1917,80,100,104,1817
39,"G09",2,"G090010_new","Grayback Creek","GB09_002_02_new","2_new",1,NA,"Hardwood","G","density",0.1,NA,"NO","LIDE",20.7399158923884,4,"LIVE",1,NA,NA,NA,NA,NA,NA,"LIDE3-PSME-QUCH2/RHDI6","Tan oak - Douglas-fir - Dry","Mediterranean California Mixed-Evergreen Forest -- Interior","Warm",1158818.375,"Ridge Top",NA,2014,3,582,823,241,667,5,0.329876977693224,0.136353847812057,85,238,212,"Tan oak - Douglas-fir - Dry,Warm,Ridge Top",-123.45892443,42.1436159,NA,NA,NA,NA,NA,NA,NA,NA,NA,NA,NA,NA,NA,NA,NA,1918,88,93,112,1825
40,"G09",8,"G090027_002_new","Grayback Creek","GB09_008_05_002_new","5_new",1,NA,"Hardwood","G","density",0.1,NA,"NO","LIDE",43.1539217305859,0,"RECENT DEAD",3,NA,NA,NA,NA,NA,NA,"LIDE3-PSME-QUCH2/RHDI6","Tan oak - Douglas-fir - Dry","Mediterranean California Mixed-Evergreen Forest -- Interior","Warm",1158818.375,"Ridge Top",NA,2014,3,582,823,241,667,0.984251968503937,0.024488944517889,0.00528372217016155,85,238,212,"Tan oak - Douglas-fir - Dry,Warm,Ridge Top",-123.45892443,42.1436159,"Misc hardwoods","Ridgetop","Small",0.0716364450414148,0.226333333333333,NA,NA,NA,NA,NA,NA,NA,NA,2014,2014,1919,88,135,158,1784
41,"G09",21,"G090077_new","Grayback Creek","GB09_021_01_new","1_new",1,30,"Hardwood","G","density",0.1,NA,"NO","LIDE",15.9408365980416,4,"LIVE",1,NA,NA,NA,NA,NA,NA,"LIDE3-PSME-QUCH2/RHDI6","Tan oak - Douglas-fir - Dry","Mediterranean California Mixed-Evergreen Forest -- Interior","Warm",1158818.375,"Ridge Top",NA,2014,3,582,823,241,667,4.01574803149606,0.232287761185964,0.0879549527333772,85,238,212,"Tan oak - Douglas-fir - Dry,Warm,Ridge Top",-123.45892443,42.1436159,NA,NA,NA,NA,NA,NA,NA,NA,NA,NA,NA,NA,NA,NA,NA,1919,88,96,112,1823
42,"G09",23,"G090088_new","Grayback Creek","GB09_023_02_new","2_new",1,NA,"Hardwood","G","density",0.1,NA,"NO","ARME",49.5755120884813,0,"OLDER DEAD",4,NA,NA,NA,NA,NA,NA,"LIDE3-PSME-QUCH2/RHDI6","Tan oak - Douglas-fir - Dry","Mediterranean California Mixed-Evergreen Forest -- Interior","Warm",1158818.375,"Ridge Top",NA,2014,6,582,823,241,667,4.96062992125984,0.325730874759323,0.134214997077576,85,238,212,"Tan oak - Douglas-fir - Dry,Warm,Ridge Top",-123.45892443,42.1436159,"Pacific madrone","Ridgetop","Small",0.0497322111706197,0.143888888888889,-7.60356803384786,-3.80178401692393,-1.57788293118239,-7.60356803384786,-3.80178401692393,-1.57788293118239,2010,2010,2010,2010,1915,88,135,158,1780
43,"G09",26,"G090097_001_new","Grayback Creek","GB09_026_03_001_new","3_new",1,NA,"Hardwood","G","density",0.1,NA,"NO","LIDE",26.5538834975565,0,"RECENT DEAD",3,NA,NA,NA,NA,NA,NA,"LIDE3-PSME-QUCH2/RHDI6","Tan oak - Douglas-fir - Dry","Mediterranean California Mixed-Evergreen Forest -- Interior","Warm",1158818.375,"Ridge Top",NA,2014,3,582,823,241,667,0.984251968503937,0.024488944517889,0.00528372217016155,85,238,212,"Tan oak - Douglas-fir - Dry,Warm,Ridge Top",-123.45892443,42.1436159,"Misc hardwoods","Ridgetop","Small",0.0716364450414148,0.226333333333333,NA,NA,NA,NA,NA,NA,NA,NA,2014,2014,1919,88,93,112,1826
44,"G09",39,"G090143_003_new","Grayback Creek","GB09_039_02_003_new","2_new",1,NA,"Hardwood","G","density",0.1,NA,"NO","QUCH",36.1185259279582,4,"LIVE",1,NA,NA,NA,NA,NA,NA,"LIDE3-PSME-QUCH2/RHDI6","Tan oak - Douglas-fir - Dry","Mediterranean California Mixed-Evergreen Forest -- Interior","Warm",1158818.375,"Ridge Top",NA,2014,3,582,823,241,667,2.95275590551181,0.14202476352394,0.0475534995314539,85,238,212,"Tan oak - Douglas-fir - Dry,Warm,Ridge Top",-123.45892443,42.1436159,NA,NA,NA,NA,NA,NA,NA,NA,NA,NA,NA,NA,NA,NA,NA,1919,88,133,158,1786
45,"G09",42,"G090155_new","Grayback Creek","GB09_042_03_new","3_new",1,NA,"Hardwood","G","density",0.1,NA,"NO","CHCH",49.15183527548,0,"RECENT DEAD",3,NA,NA,NA,NA,NA,NA,"LIDE3-PSME-QUCH2/RHDI6","Tan oak - Douglas-fir - Dry","Mediterranean California Mixed-Evergreen Forest -- Interior","Warm",1158818.375,"Ridge Top",NA,2014,7,582,823,241,667,4.01574803149606,0.232287761185964,0.0879549527333772,85,238,212,"Tan oak - Douglas-fir - Dry,Warm,Ridge Top",-123.45892443,42.1436159,"Western redcedar","Ridgetop","Small",0.0363667850030306,0.0767777777777778,NA,NA,NA,NA,NA,NA,NA,NA,2014,2014,1919,88,135,158,1784
46,"G09",57,"G090198_new","Grayback Creek","GB09_057_02_new","2_new",1,NA,"Hardwood","G","density",0.1,NA,"NO","LIDE",37.7384044488921,0,"OLDER DEAD",4,NA,NA,NA,NA,NA,NA,"LIDE3-PSME-QUCH2/RHDI6","Tan oak - Douglas-fir - Dry","Mediterranean California Mixed-Evergreen Forest -- Interior","Warm",1158818.375,"Ridge Top",NA,2014,3,582,823,241,667,2.95275590551181,0.14202476352394,0.0475534995314539,85,238,212,"Tan oak - Douglas-fir - Dry,Warm,Ridge Top",-123.45892443,42.1436159,"Misc hardwoods","Ridgetop","Small",0.0716364450414148,0.226333333333333,-7.60356803384786,-3.80178401692393,-1.57788293118239,-7.60356803384786,-3.80178401692393,-1.57788293118239,2010,2010,2010,2010,1916,88,133,158,1783
47,"G09",65,"G090222_new","Grayback Creek","GB09_065_01_new","1_new",1,40,"Hardwood","G","density",0.1,NA,"NO","LIDE",20.6977843228077,3,"LIVE",1,NA,NA,NA,NA,NA,NA,"LIDE3-PSME-QUCH2/RHDI6","Tan oak - Douglas-fir - Dry","Mediterranean California Mixed-Evergreen Forest -- Interior","Warm",1158818.375,"Ridge Top",NA,2014,3,582,823,241,667,4.01574803149606,0.232287761185964,0.0879549527333772,85,238,212,"Tan oak - Douglas-fir - Dry,Warm,Ridge Top",-123.45892443,42.1436159,NA,NA,NA,NA,NA,NA,NA,NA,NA,NA,NA,NA,NA,NA,NA,1919,88,93,112,1826
48,"G09",71,"G090242_001_new","Grayback Creek","GB09_071_03_001_new","3_new",1,NA,"Hardwood","G","density",0.1,NA,"NO","LIDE",44.3464808659738,0,"RECENT DEAD",3,NA,NA,NA,NA,NA,NA,"LIDE3-PSME-QUCH2/RHDI6","Tan oak - Douglas-fir - Dry","Mediterranean California Mixed-Evergreen Forest -- Interior","Warm",1158818.375,"Ridge Top",NA,2014,3,582,823,241,667,0.984251968503937,0.024488944517889,0.00528372217016155,85,238,212,"Tan oak - Douglas-fir - Dry,Warm,Ridge Top",-123.45892443,42.1436159,"Misc hardwoods","Ridgetop","Small",0.0716364450414148,0.226333333333333,NA,NA,NA,NA,NA,NA,NA,NA,2014,2014,1918,88,135,158,1783
49,"G09",74,"G090250_new","Grayback Creek","GB09_074_01_new","1_new",1,163,"Hardwood","G","density",0.1,NA,"NO","LIDE",43.5689373122457,3,"LIVE",1,NA,NA,NA,NA,NA,NA,"LIDE3-PSME-QUCH2/RHDI6","Tan oak - Douglas-fir - Dry","Mediterranean California Mixed-Evergreen Forest -- Interior","Warm",1158818.375,"Ridge Top",NA,2014,3,582,823,241,667,7.95275590551181,0.693151623088886,0.344955199090035,85,238,212,"Tan oak - Douglas-fir - Dry,Warm,Ridge Top",-123.45892443,42.1436159,NA,NA,NA,NA,NA,NA,NA,NA,NA,NA,NA,NA,NA,NA,NA,1918,88,135,158,1783
50,"G09",75,"G090257_001_new","Grayback Creek","GB09_075_03_001_new","3_new",1,NA,"Hardwood","G","density",0.1,NA,"NO","LIDE",28.8630824373312,4,"LIVE",1,NA,NA,NA,NA,NA,NA,"LIDE3-PSME-QUCH2/RHDI6","Tan oak - Douglas-fir - Dry","Mediterranean California Mixed-Evergreen Forest -- Interior","Warm",1158818.375,"Ridge Top",NA,2014,3,582,823,241,667,2.95275590551181,0.14202476352394,0.0475534995314539,85,238,212,"Tan oak - Douglas-fir - Dry,Warm,Ridge Top",-123.45892443,42.1436159,NA,NA,NA,NA,NA,NA,NA,NA,NA,NA,NA,NA,NA,NA,NA,1916,88,93,112,1823
51,"G09",79,"G090267_001_new","Grayback Creek","GB09_079_03_001_new","3_new",1,NA,"Hardwood","G","density",0.1,NA,"NO","LIDE",36.2803934571041,0,"OLDER DEAD",4,NA,NA,NA,NA,NA,NA,"LIDE3-PSME-QUCH2/RHDI6","Tan oak - Douglas-fir - Dry","Mediterranean California Mixed-Evergreen Forest -- Interior","Warm",1158818.375,"Ridge Top",NA,2014,3,582,823,241,667,0.984251968503937,0.024488944517889,0.00528372217016155,85,238,212,"Tan oak - Douglas-fir - Dry,Warm,Ridge Top",-123.45892443,42.1436159,"Misc hardwoods","Ridgetop","Small",0.0716364450414148,0.226333333333333,-7.60356803384786,-3.80178401692393,-1.57788293118239,-7.60356803384786,-3.80178401692393,-1.57788293118239,2010,2010,2010,2010,1916,88,133,158,1783
52,"G09",82,"G090273_new","Grayback Creek","GB09_082_04_new","4_new",1,NA,"Hardwood","G","density",0.1,NA,"NO","LIDE",66.0173401939845,4,"LIVE",1,NA,NA,NA,NA,NA,NA,"LIDE3-PSME-QUCH2/RHDI6","Tan oak - Douglas-fir - Dry","Mediterranean California Mixed-Evergreen Forest -- Interior","Warm",1158818.375,"Ridge Top",NA,2014,3,582,823,241,667,0.984251968503937,0.024488944517889,0.00528372217016155,85,238,212,"Tan oak - Douglas-fir - Dry,Warm,Ridge Top",-123.45892443,42.1436159,NA,NA,NA,NA,NA,NA,NA,NA,NA,NA,NA,NA,NA,NA,NA,1916,96,116,187,1800
53,"L04",3,"L040013_003_new","Elliot Ridge","ET04_003_01_003_new","1_new",1,95,"Hardwood","L","density",0.1,NA,"NO","QUCH",27.7595304112039,3,"LIVE",1,NA,NA,NA,NA,NA,NA,"PIPO-PSME","Ponderosa pine - Dry","Northern Rocky Mountain Ponderosa Pine Woodland and Savanna - Mesic","Warm",1501024.625,"Mid Slope",NA,2014,3,571,810,240,1360,4.13272391732283,0.243208209122059,0.0931537143854574,36,113,95,"Ponderosa pine - Dry,Warm,Mid Slope",-123.03211504,42.01231733,NA,NA,NA,NA,NA,NA,NA,NA,NA,NA,NA,NA,NA,NA,NA,1962,37,57,167,1905
54,"L04",21,"L040041_004_new","Elliot Ridge","ET04_021_02_004_new","2_new",1,NA,"Hardwood","L","density",0.1,NA,"NO","QUCH",21.9882354701121,3,"LIVE",1,NA,NA,NA,NA,NA,NA,"PIPO-PSME","Ponderosa pine - Dry","Northern Rocky Mountain Ponderosa Pine Woodland and Savanna - Mesic","Warm",1501024.625,"Mid Slope",NA,2014,3,571,810,240,1360,0.984251968503937,0.024488944517889,0.00528372217016155,36,113,95,"Ponderosa pine - Dry,Warm,Mid Slope",-123.03211504,42.01231733,NA,NA,NA,NA,NA,NA,NA,NA,NA,NA,NA,NA,NA,NA,NA,1957,37,57,167,1900
55,"R01",23,"R010006_new","Briggs Secret","BS01_023_01_new","1_new",1,44,"Hardwood","R","density",0.1,"R0106","YES","LIDE",18.0238429650893,3,"LIVE",1,NA,NA,NA,NA,NA,NA,"LIDE3-PSME-QUCH2/BENE2","Tan oak - Douglas-fir - Dry","Mediterranean California Mixed-Evergreen Forest -- Interior","Warm",1322780.25,"Ridge Top",NA,2014,3,605,820,215,899,4.17322834645669,0.247033264668595,0.0949886436862962,251,623,546,"Tan oak - Douglas-fir - Dry,Warm,Ridge Top",-123.67694937,42.43215315,NA,NA,NA,NA,NA,NA,NA,NA,NA,NA,NA,NA,NA,NA,NA,1923,62,92,104,1831
56,"R01",14,"R010031_new","Briggs Secret","BS01_014_02_new","2_new",1,NA,"Hardwood","R","density",0.1,NA,"NO","ARME",24.6453633068353,0,"OLDER DEAD",4,NA,NA,NA,NA,NA,NA,"LIDE3-PSME-QUCH2/BENE2","Tan oak - Douglas-fir - Dry","Mediterranean California Mixed-Evergreen Forest -- Interior","Warm",1322780.25,"Ridge Top",NA,2014,6,605,820,215,899,2.95275590551181,0.14202476352394,0.0475534995314539,251,623,546,"Tan oak - Douglas-fir - Dry,Warm,Ridge Top",-123.67694937,42.43215315,"Pacific madrone","Ridgetop","Small",0.0497322111706197,0.143888888888889,-7.60356803384786,-3.80178401692393,-1.57788293118239,-7.60356803384786,-3.80178401692393,-1.57788293118239,2010,2010,2010,2010,1919,66,101,184,1818
57,"R01",25,"R010044_new","Briggs Secret","BS01_025_02_new","2_new",1,NA,"Hardwood","R","density",0.1,NA,"NO","QUKE",37.8181734732322,0,"OLDER DEAD",4,NA,NA,NA,NA,NA,NA,"LIDE3-PSME-QUCH2/BENE2","Tan oak - Douglas-fir - Dry","Mediterranean California Mixed-Evergreen Forest -- Interior","Warm",1322780.25,"Ridge Top",NA,2014,3,605,820,215,899,5.31496062992126,0.363747555160172,0.154073338481911,251,623,546,"Tan oak - Douglas-fir - Dry,Warm,Ridge Top",-123.67694937,42.43215315,"Misc hardwoods","Ridgetop","Small",0.0716364450414148,0.226333333333333,-7.60356803384786,-3.80178401692393,-1.57788293118239,-7.60356803384786,-3.80178401692393,-1.57788293118239,2010,2010,2010,2010,1919,83,96,184,1823
58,"R02",40,"R020056_new","Briggs Secret","BS02_040_02_new","2_new",1,NA,"Hardwood","R","density",0.1,NA,"NO","QUKE",32.5289617241806,0,"OLDER DEAD",4,NA,NA,NA,NA,NA,NA,"LIDE3-PSME-QUCH2/BENE2","Tan oak - Douglas-fir - Dry","Mediterranean California Mixed-Evergreen Forest -- Interior","Warm",1191566.375,"Ridge Top",NA,2014,3,610,824,215,888,5.51181102362205,0.385541302725637,0.165697527256266,194,392,293,"Tan oak - Douglas-fir - Dry,Warm,Ridge Top",-123.67752159,42.43313138,"Misc hardwoods","Ridgetop","Small",0.0716364450414148,0.226333333333333,-7.60356803384786,-3.80178401692393,-1.57788293118239,-7.60356803384786,-3.80178401692393,-1.57788293118239,2010,2010,2010,2010,1937,66,147,184,1790
59,"R03",4,"R030022_002_new","Briggs Secret","BS03_004_01_002_new","1_new",1,110,"Hardwood","R","density",0.1,NA,"NO","LIDE",36.3328635578869,3,"LIVE",1,NA,NA,NA,NA,NA,NA,"LIDE3-PSME-QUCH2/BENE2","Tan oak - Douglas-fir - Dry","Mediterranean California Mixed-Evergreen Forest -- Interior","Warm",1353783.375,"Ridge Top",NA,2014,3,545,697,152,927,2.34136687992126,0.0979830949290185,0.0298996655653565,77,247,225,"Tan oak - Douglas-fir - Dry,Warm,Ridge Top",-123.67234639,42.43421934,NA,NA,NA,NA,NA,NA,NA,NA,NA,NA,NA,NA,NA,NA,NA,1935,75,101,157,1834
60,"R03",7,"R030027_001_new","Briggs Secret","BS03_007_01_001_new","1_new",1,93,"Hardwood","R","density",0.1,NA,"NO","QUCH",30.0870923036017,3,"LIVE",1,NA,NA,NA,NA,NA,NA,"LIDE3-PSME-QUCH2/BENE2","Tan oak - Douglas-fir - Dry","Mediterranean California Mixed-Evergreen Forest -- Interior","Warm",1353783.375,"Ridge Top",NA,2014,3,545,697,152,927,2.7062595144357,0.123535308720184,0.0399453536418501,77,247,225,"Tan oak - Douglas-fir - Dry,Warm,Ridge Top",-123.67234639,42.43421934,NA,NA,NA,NA,NA,NA,NA,NA,NA,NA,NA,NA,NA,NA,NA,1935,74,80,130,1855
61,"R03",26,"R030060_new","Briggs Secret","BS03_026_02_new","2_new",1,NA,"Hardwood","R","density",0.1,NA,"NO","LIDE",23.7411871426387,4,"LIVE",1,NA,NA,NA,NA,NA,NA,"LIDE3-PSME-QUCH2/BENE2","Tan oak - Douglas-fir - Dry","Mediterranean California Mixed-Evergreen Forest -- Interior","Warm",1353783.375,"Ridge Top",NA,2014,3,545,697,152,927,0.984251968503937,0.024488944517889,0.00528372217016155,77,247,225,"Tan oak - Douglas-fir - Dry,Warm,Ridge Top",-123.67234639,42.43421934,NA,NA,NA,NA,NA,NA,NA,NA,NA,NA,NA,NA,NA,NA,NA,1931,61,73,75,1858
62,"R03",32,"R030071_new","Briggs Secret","BS03_032_01_new","1_new",1,48,"Hardwood","R","density",0.1,NA,"NO","QUCH",15.418941226694,3,"LIVE",1,NA,NA,NA,NA,NA,NA,"LIDE3-PSME-QUCH2/BENE2","Tan oak - Douglas-fir - Dry","Mediterranean California Mixed-Evergreen Forest -- Interior","Warm",1353783.375,"Ridge Top",NA,2014,3,545,697,152,927,4.92125984251969,0.321604468383684,0.132093054254039,77,247,225,"Tan oak - Douglas-fir - Dry,Warm,Ridge Top",-123.67234639,42.43421934,NA,NA,NA,NA,NA,NA,NA,NA,NA,NA,NA,NA,NA,NA,NA,1935,57,81,102,1854
63,"R04",12,"R040007_new","Briggs Secret","BS04_012_01_new","1_new",1,112,"Hardwood","R","density",0.1,"R0407","YES","ARME",29.5478794934699,3,"LIVE",1,NA,NA,NA,NA,NA,NA,"LIDE3-PSME-QUCH2/BENE2","Tan oak - Douglas-fir - Dry","Mediterranean California Mixed-Evergreen Forest -- Interior","Cool",845141.375,"Mid Slope",NA,2014,6,583,770,187,852,7.04724409448819,0.571256168898805,0.270873187286634,109,361,311,"Tan oak - Douglas-fir - Dry,Cool,Mid Slope",-123.67558738,42.4358371,NA,NA,NA,NA,NA,NA,NA,NA,NA,NA,NA,NA,NA,NA,NA,1919,66,105,184,1814
64,"R04",18,"R040031_005_new","Briggs Secret","BS04_018_01_005_new","1_new",1,50,"Hardwood","R","density",0.1,NA,"NO","QUCH",22.9317365839162,3,"LIVE",1,NA,NA,NA,NA,NA,NA,"LIDE3-PSME-QUCH2/BENE2","Tan oak - Douglas-fir - Dry","Mediterranean California Mixed-Evergreen Forest -- Interior","Cool",845141.375,"Mid Slope",NA,2014,3,583,770,187,852,1.98615551181102,0.0753045468967249,0.0215156211691201,109,361,311,"Tan oak - Douglas-fir - Dry,Cool,Mid Slope",-123.67558738,42.4358371,NA,NA,NA,NA,NA,NA,NA,NA,NA,NA,NA,NA,NA,NA,NA,1925,66,97,131.349999999999,1828
65,"R04",22,"R040041_new","Briggs Secret","BS04_022_03_new","3_new",1,NA,"Hardwood","R","density",0.1,NA,"NO","ARME",34.872238718329,0,"OLDER DEAD",4,NA,NA,NA,NA,NA,NA,"LIDE3-PSME-QUCH2/BENE2","Tan oak - Douglas-fir - Dry","Mediterranean California Mixed-Evergreen Forest -- Interior","Cool",845141.375,"Mid Slope",NA,2014,6,583,770,187,852,4.7244094488189,0.301270110735157,0.121736958800522,109,361,311,"Tan oak - Douglas-fir - Dry,Cool,Mid Slope",-123.67558738,42.4358371,"Pacific madrone","Other","Small",0.0497322111706197,0.0850555555555556,-7.60356803384786,-3.80178401692393,-1.57788293118239,-7.60356803384786,-3.80178401692393,-1.57788293118239,2010,2010,2010,2010,1919,97,103,184,1816
66,"R04",24,"R040044_new","Briggs Secret","BS04_024_02_new","2_new",1,NA,"Hardwood","R","density",0.1,NA,"NO","LIDE",27.2370665625813,4,"LIVE",1,NA,NA,NA,NA,NA,NA,"LIDE3-PSME-QUCH2/BENE2","Tan oak - Douglas-fir - Dry","Mediterranean California Mixed-Evergreen Forest -- Interior","Cool",845141.375,"Mid Slope",NA,2014,3,583,770,187,852,2.95275590551181,0.14202476352394,0.0475534995314539,109,361,311,"Tan oak - Douglas-fir - Dry,Cool,Mid Slope",-123.67558738,42.4358371,NA,NA,NA,NA,NA,NA,NA,NA,NA,NA,NA,NA,NA,NA,NA,1925,66,104,184,1821
67,"R05",7,"R050023_002_new","Briggs Secret","BS05_007_03_002_new","3_new",1,NA,"Hardwood","R","density",0.1,NA,"NO","LIDE",25.1884939454743,4,"LIVE",1,NA,NA,NA,NA,NA,NA,"LIDE3-PSME-QUCH2/BENE2","Tan oak - Douglas-fir - Dry","Mediterranean California Mixed-Evergreen Forest -- Interior","Cool",888113.125,"Mid Slope",NA,2014,3,583,771,187,790,0.984251968503937,0.024488944517889,0.00528372217016155,89,343,319,"Tan oak - Douglas-fir - Dry,Cool,Mid Slope",-123.67782687,42.43600707,NA,NA,NA,NA,NA,NA,NA,NA,NA,NA,NA,NA,NA,NA,NA,1940,45,73,100,1867
68,"R05",41,"R050060_new","Briggs Secret","BS05_041_01_new","1_new",1,50,"Hardwood","R","density",0.1,NA,"NO","LIDE",22.2151969553965,3,"LIVE",1,NA,NA,NA,NA,NA,NA,"LIDE3-PSME-QUCH2/BENE2","Tan oak - Douglas-fir - Dry","Mediterranean California Mixed-Evergreen Forest -- Interior","Cool",888113.125,"Mid Slope",NA,2014,3,583,771,187,790,4.7244094488189,0.301270110735157,0.121736958800522,89,343,319,"Tan oak - Douglas-fir - Dry,Cool,Mid Slope",-123.67782687,42.43600707,NA,NA,NA,NA,NA,NA,NA,NA,NA,NA,NA,NA,NA,NA,NA,1940,45,74,100,1866
69,"R05",44,"R050068_new","Briggs Secret","BS05_044_04_new","4_new",1,NA,"Hardwood","R","density",0.1,NA,"NO","LIDE",25.9204902269073,0,"RECENT DEAD",3,NA,NA,NA,NA,NA,NA,"LIDE3-PSME-QUCH2/BENE2","Tan oak - Douglas-fir - Dry","Mediterranean California Mixed-Evergreen Forest -- Interior","Cool",888113.125,"Mid Slope",NA,2014,3,583,771,187,790,0.984251968503937,0.024488944517889,0.00528372217016155,89,343,319,"Tan oak - Douglas-fir - Dry,Cool,Mid Slope",-123.67782687,42.43600707,"Misc hardwoods","Other","Small",0.0716364450414148,0.133833333333333,NA,NA,NA,NA,NA,NA,NA,NA,2014,2014,1940,45,73,100,1867
70,"R06",59,"R060102_007_new","Briggs Secret","BS06_059_01_007_new","1_new",1,68,"Hardwood","R","density",0.1,NA,"NO","LIDE",26.8018353611583,3,"LIVE",1,NA,NA,NA,NA,NA,NA,"LIDE3-PSME-QUCH2/BENE2","Tan oak - Douglas-fir - Dry","Mediterranean California Mixed-Evergreen Forest -- Interior","Warm",1194814.375,"Ridge Top",NA,2014,3,586,785,200,954,1.39675831146107,0.0428740019057732,0.0106406931126473,227,400,305,"Tan oak - Douglas-fir - Dry,Warm,Ridge Top",-123.67020171,42.43610805,NA,NA,NA,NA,NA,NA,NA,NA,NA,NA,NA,NA,NA,NA,NA,1931,69,77,84,1854
71,"R06",69,"R060118_new","Briggs Secret","BS06_069_02_new","2_new",1,NA,"Hardwood","R","density",0.1,NA,"NO","LIDE",15.8843488210331,0,"OLDER DEAD",4,NA,NA,NA,NA,NA,NA,"LIDE3-PSME-QUCH2/BENE2","Tan oak - Douglas-fir - Dry","Mediterranean California Mixed-Evergreen Forest -- Interior","Warm",1194814.375,"Ridge Top",NA,2014,3,586,785,200,954,0.984251968503937,0.024488944517889,0.00528372217016155,227,400,305,"Tan oak - Douglas-fir - Dry,Warm,Ridge Top",-123.67020171,42.43610805,"Misc hardwoods","Ridgetop","Small",0.0716364450414148,0.226333333333333,-7.60356803384786,-3.80178401692393,-1.57788293118239,-7.60356803384786,-3.80178401692393,-1.57788293118239,2010,2010,2010,2010,1931,69,73,84,1858
72,"R06",102,"R060165_004_new","Briggs Secret","BS06_102_01_004_new","1_new",1,58,"Hardwood","R","density",0.1,NA,"NO","LIDE",22.6425120956614,3,"LIVE",1,NA,NA,NA,NA,NA,NA,"LIDE3-PSME-QUCH2/BENE2","Tan oak - Douglas-fir - Dry","Mediterranean California Mixed-Evergreen Forest -- Interior","Warm",1194814.375,"Ridge Top",NA,2014,3,586,785,200,954,2.77603297244094,0.128670619599257,0.0420316684403414,227,400,305,"Tan oak - Douglas-fir - Dry,Warm,Ridge Top",-123.67020171,42.43610805,NA,NA,NA,NA,NA,NA,NA,NA,NA,NA,NA,NA,NA,NA,NA,1935,69,73,84,1862
73,"S01",62,"S010041_new","Star Gulch","ST01_062_01_new","1_new",1,67,"Hardwood","S","density",0.1,"S0141","YES","QUCH",24.9401693993583,2,"LIVE",1,NA,NA,NA,NA,NA,NA,"PSME-QUCH2/RHDI6","Douglas-fir - Dry","Mediterranean California Dry-Mesic Mixed Conifer Forest and Woodland","Warm",1401615.875,"Mid Slope",NA,2014,3,530,723,193,974,4.13385826771654,0.243315027210971,0.0932048590816497,109,117,72,"Douglas-fir - Dry,Warm,Mid Slope",-123.10878881,42.14265002,NA,NA,NA,NA,NA,NA,NA,NA,NA,NA,NA,NA,NA,NA,NA,1942,68,75,108,1867
74,"S01",3,"S010060_new","Star Gulch","ST01_003_02_new","2_new",1,NA,"Hardwood","S","density",0.1,NA,"NO","ARME",23.8747519537341,0,"CLEAN SNAG",5,NA,NA,NA,NA,NA,NA,"PSME-QUCH2/RHDI6","Douglas-fir - Dry","Mediterranean California Dry-Mesic Mixed Conifer Forest and Woodland","Warm",1401615.875,"Mid Slope",NA,2014,6,530,723,193,974,2.95275590551181,0.14202476352394,0.0475534995314539,109,117,72,"Douglas-fir - Dry,Warm,Mid Slope",-123.10878881,42.14265002,"Pacific madrone","Other","Small",0.0497322111706197,0.0850555555555556,-17.5225369431286,-8.76126847156432,-3.63625495694863,-17.5225369431286,-8.76126847156432,-3.63625495694863,2005,2005,2005,2005,1933,68,73,108,1860
75,"S01",28,"S010111_new","Star Gulch","ST01_028_03_new","3_new",1,NA,"Hardwood","S","density",0.1,NA,"NO","ARME",40.0406368276978,4,"LIVE",1,NA,NA,NA,NA,NA,NA,"PSME-QUCH2/RHDI6","Douglas-fir - Dry","Mediterranean California Dry-Mesic Mixed Conifer Forest and Woodland","Warm",1401615.875,"Mid Slope",NA,2014,6,530,723,193,974,6.45669291338583,0.496610857382383,0.227377586381864,109,117,72,"Douglas-fir - Dry,Warm,Mid Slope",-123.10878881,42.14265002,NA,NA,NA,NA,NA,NA,NA,NA,NA,NA,NA,NA,NA,NA,NA,1933,73,97,108,1836
76,"S01",55,"S010214_002_new","Star Gulch","ST01_055_06_002_new","6_new",1,NA,"Hardwood","S","density",0.1,NA,"NO","QUCH",34.5573596219192,4,"LIVE",1,NA,NA,NA,NA,NA,NA,"PSME-QUCH2/RHDI6","Douglas-fir - Dry","Mediterranean California Dry-Mesic Mixed Conifer Forest and Woodland","Warm",1401615.875,"Mid Slope",NA,2014,3,530,723,193,974,2.95275590551181,0.14202476352394,0.0475534995314539,109,117,72,"Douglas-fir - Dry,Warm,Mid Slope",-123.10878881,42.14265002,NA,NA,NA,NA,NA,NA,NA,NA,NA,NA,NA,NA,NA,NA,NA,1933,68,82,108,1851
77,"S01",56,"S010217_002_new","Star Gulch","ST01_056_02_002_new","2_new",1,NA,"Hardwood","S","density",0.1,NA,"NO","QUCH",42.0387980295938,4,"LIVE",1,NA,NA,NA,NA,NA,NA,"PSME-QUCH2/RHDI6","Douglas-fir - Dry","Mediterranean California Dry-Mesic Mixed Conifer Forest and Woodland","Warm",1401615.875,"Mid Slope",NA,2014,3,530,723,193,974,0.984251968503937,0.024488944517889,0.00528372217016155,109,117,72,"Douglas-fir - Dry,Warm,Mid Slope",-123.10878881,42.14265002,NA,NA,NA,NA,NA,NA,NA,NA,NA,NA,NA,NA,NA,NA,NA,1942,73,97,108,1845
78,"S01",68,"S010253_new","Star Gulch","ST01_068_03_new","3_new",1,NA,"Hardwood","S","density",0.1,NA,"NO","ARME",19.3006646276835,0,"BROKEN TOPPED SNAG",6,NA,NA,NA,NA,NA,NA,"PSME-QUCH2/RHDI6","Douglas-fir - Dry","Mediterranean California Dry-Mesic Mixed Conifer Forest and Woodland","Warm",1401615.875,"Mid Slope",NA,2014,6,530,723,193,974,4.37007874015748,0.26593948259393,0.104161185373697,109,117,72,"Douglas-fir - Dry,Warm,Mid Slope",-123.10878881,42.14265002,"Pacific madrone","Other","Small",0.0497322111706197,0.0850555555555556,-46.0852578110958,-23.0426289055479,-9.56355507776901,-34.504947450749,-17.2524737253745,-7.16042355135339,1991,1997,1991,1997,1925,68,70,84,1855
79,"S03",14,"S030027_003_new","Star Gulch","ST03_014_02_003_new","2_new",1,NA,"Hardwood","S","density",0.1,NA,"NO","ARME",20.1025195058399,0,"CLEAN SNAG",5,NA,NA,NA,NA,NA,NA,"PSME-QUCH2/RHDI6","Douglas-fir - Dry","Mediterranean California Dry-Mesic Mixed Conifer Forest and Woodland","Warm",1442915,"Mid Slope",NA,2014,6,536,722,186,1128,0.984251968503937,0.024488944517889,0.00528372217016155,429,273,146,"Douglas-fir - Dry,Warm,Mid Slope",-123.11455529,42.1441014,"Pacific madrone","Other","Small",0.0497322111706197,0.0850555555555556,-17.5225369431286,-8.76126847156432,-3.63625495694863,-17.5225369431286,-8.76126847156432,-3.63625495694863,2005,2005,2005,2005,1959,32,50,59,1909
80,"S03",65,"S030082_new","Star Gulch","ST03_065_01_new","1_new",1,77,"Hardwood","S","density",0.1,NA,"NO","ARME",19.1399759293485,0,"OLDER DEAD",4,NA,NA,NA,NA,NA,NA,"PSME-QUCH2/RHDI6","Douglas-fir - Dry","Mediterranean California Dry-Mesic Mixed Conifer Forest and Woodland","Warm",1442915,"Mid Slope",NA,2014,6,536,722,186,1128,4.96062992125984,0.325730874759323,0.134214997077576,429,273,146,"Douglas-fir - Dry,Warm,Mid Slope",-123.11455529,42.1441014,"Pacific madrone","Other","Small",0.0497322111706197,0.0850555555555556,-7.60356803384786,-3.80178401692393,-1.57788293118239,-7.60356803384786,-3.80178401692393,-1.57788293118239,2010,2010,2010,2010,1963,32,40,59,1923
81,"S05",12,"S050021_001_new","Star Gulch","ST05_012_02_001_new","2_new",1,NA,"Hardwood","S","density",0.1,NA,"NO","ARME",39.277167111384,0,"RECENT DEAD",3,NA,NA,NA,NA,NA,NA,"PSME-QUCH2/RHDI6","Douglas-fir - Dry","Mediterranean California Dry-Mesic Mixed Conifer Forest and Woodland","Cool",1024067.25,"Mid Slope",NA,2014,6,561,788,226,1062,2.95275590551181,0.14202476352394,0.0475534995314539,77,167,130,"Douglas-fir - Dry,Cool,Mid Slope",-123.11737493,42.14680545,"Pacific madrone","Other","Small",0.0497322111706197,0.0850555555555556,NA,NA,NA,NA,NA,NA,NA,NA,2014,2014,1930,80,100,156,1830
82,"S05",25,"S050054_027_new","Star Gulch","ST05_025_01_027_new","1_new",1,78,"Hardwood","S","density",0.1,NA,"NO","QUCH",32.540935816659,3,"LIVE",1,NA,NA,NA,NA,NA,NA,"PSME-QUCH2/RHDI6","Douglas-fir - Dry","Mediterranean California Dry-Mesic Mixed Conifer Forest and Woodland","Cool",1024067.25,"Mid Slope",NA,2014,3,561,788,226,1062,0.246272240640972,0.00266848483310169,0.000330794524841904,77,167,130,"Douglas-fir - Dry,Cool,Mid Slope",-123.11737493,42.14680545,NA,NA,NA,NA,NA,NA,NA,NA,NA,NA,NA,NA,NA,NA,NA,1930,64,90,132,1840
83,"S05",26,"S050055_079_new","Star Gulch","ST05_026_01_079_new","1_new",1,84,"Hardwood","S","density",0.1,NA,"NO","QUCH",33.6692454370628,3,"LIVE",1,NA,NA,NA,NA,NA,NA,"PSME-QUCH2/RHDI6","Douglas-fir - Dry","Mediterranean California Dry-Mesic Mixed Conifer Forest and Woodland","Cool",1024067.25,"Mid Slope",NA,2014,3,561,788,226,1062,0.179729318850204,0.00161209371728897,0.000176183505186138,77,167,130,"Douglas-fir - Dry,Cool,Mid Slope",-123.11737493,42.14680545,NA,NA,NA,NA,NA,NA,NA,NA,NA,NA,NA,NA,NA,NA,NA,1927,64,90,132,1837
84,"S05",32,"S050072_new","Star Gulch","ST05_032_03_new","3_new",1,NA,"Hardwood","S","density",0.1,NA,"NO","ARME",35.3787991796328,4,"LIVE",1,NA,NA,NA,NA,NA,NA,"PSME-QUCH2/RHDI6","Douglas-fir - Dry","Mediterranean California Dry-Mesic Mixed Conifer Forest and Woodland","Cool",1024067.25,"Mid Slope",NA,2014,6,561,788,226,1062,5.11811023622047,0.342432847395884,0.142871847481168,77,167,130,"Douglas-fir - Dry,Cool,Mid Slope",-123.11737493,42.14680545,NA,NA,NA,NA,NA,NA,NA,NA,NA,NA,NA,NA,NA,NA,NA,1928,64,96,132,1832
85,"S05",34,"S050076_new","Star Gulch","ST05_034_01_new","1_new",1,36,"Hardwood","S","density",0.1,NA,"NO","QUCH",18.3240375420342,0,"CUT STUMP",2,NA,NA,NA,NA,NA,2011,"PSME-QUCH2/RHDI6","Douglas-fir - Dry","Mediterranean California Dry-Mesic Mixed Conifer Forest and Woodland","Cool",1024067.25,"Mid Slope",NA,2014,3,561,788,226,1062,3.04413976377953,0.14912255665283,0.0505424820345395,77,167,130,"Douglas-fir - Dry,Cool,Mid Slope",-123.11737493,42.14680545,"Misc hardwoods","Other","Small",0.0716364450414148,0.133833333333333,NA,NA,NA,NA,NA,NA,NA,NA,2011,2011,1927,55,88,99,1839
86,"S05",37,"S050083_002_new","Star Gulch","ST05_037_01_002_new","1_new",1,128,"Hardwood","S","density",0.1,NA,"NO","QUCH",38.6545972100733,0,"CUT STUMP",2,NA,NA,NA,NA,NA,2011,"PSME-QUCH2/RHDI6","Douglas-fir - Dry","Mediterranean California Dry-Mesic Mixed Conifer Forest and Woodland","Cool",1024067.25,"Mid Slope",NA,2014,3,561,788,226,1062,3.05299746906637,0.149817418964852,0.0508370425870407,77,167,130,"Douglas-fir - Dry,Cool,Mid Slope",-123.11737493,42.14680545,"Misc hardwoods","Other","Small",0.0716364450414148,0.133833333333333,NA,NA,NA,NA,NA,NA,NA,NA,2011,2011,1927,80,104,156,1823
87,"S05",61,"S050128_new","Star Gulch","ST05_061_01_new","1_new",1,76,"Hardwood","S","density",0.1,NA,"NO","QUCH",29.3741591355653,0,"CUT STUMP",2,NA,NA,NA,NA,NA,2011,"PSME-QUCH2/RHDI6","Douglas-fir - Dry","Mediterranean California Dry-Mesic Mixed Conifer Forest and Woodland","Cool",1024067.25,"Mid Slope",NA,2014,3,561,788,226,1062,4.97151456692913,0.326875180502423,0.134804634058742,77,167,130,"Douglas-fir - Dry,Cool,Mid Slope",-123.11737493,42.14680545,"Misc hardwoods","Other","Small",0.0716364450414148,0.133833333333333,NA,NA,NA,NA,NA,NA,NA,NA,2011,2011,1927,46,91,132,1836
88,"S05",69,"S050144_new","Star Gulch","ST05_069_01_new","1_new",1,118,"Hardwood","S","density",0.1,NA,"NO","QUCH",32.9848421914731,3,"LIVE",1,NA,NA,NA,NA,NA,NA,"PSME-QUCH2/RHDI6","Douglas-fir - Dry","Mediterranean California Dry-Mesic Mixed Conifer Forest and Woodland","Cool",1024067.25,"Mid Slope",NA,2014,3,561,788,226,1062,6.22047244094488,0.467861590132522,0.211044544409461,77,167,130,"Douglas-fir - Dry,Cool,Mid Slope",-123.11737493,42.14680545,NA,NA,NA,NA,NA,NA,NA,NA,NA,NA,NA,NA,NA,NA,NA,1921,64,90,132,1831
89,"S06",83,"S060102_new","Star Gulch","ST06_083_02_new","2_new",1,NA,"Hardwood","S","density",0.1,NA,"NO","QUCH",20.2412286357826,0,"CUT STUMP",2,NA,NA,NA,NA,NA,2011,"PSME-QUCH2/RHDI6","Douglas-fir - Dry","Mediterranean California Dry-Mesic Mixed Conifer Forest and Woodland","Warm",1209539,"Mid Slope",NA,2014,3,557,798,242,1105,2.58014212598425,0.114453692194165,0.0363090301265041,247,266,157,"Douglas-fir - Dry,Warm,Mid Slope",-123.11453483,42.14765769,"Misc hardwoods","Other","Small",0.0716364450414148,0.133833333333333,NA,NA,NA,NA,NA,NA,NA,NA,2011,2011,1958,34,44,77,1914
90,"S06",100,"S060127_001_new","Star Gulch","ST06_100_03_001_new","3_new",1,NA,"Hardwood","S","density",0.1,NA,"NO","ARME",29.4087027548374,0,"CUT STUMP",2,NA,NA,NA,NA,NA,2011,"PSME-QUCH2/RHDI6","Douglas-fir - Dry","Mediterranean California Dry-Mesic Mixed Conifer Forest and Woodland","Warm",1209539,"Mid Slope",NA,2014,6,557,798,242,1105,0.984251968503937,0.024488944517889,0.00528372217016155,247,266,157,"Douglas-fir - Dry,Warm,Mid Slope",-123.11453483,42.14765769,"Pacific madrone","Other","Small",0.0497322111706197,0.0850555555555556,NA,NA,NA,NA,NA,NA,NA,NA,2011,2011,1958,35,44,71,1914
91,"S07",53,"S070062_new","Star Gulch","ST07_053_01_new","1_new",1,30,"Hardwood","S","density",0.1,NA,"NO","ARME",18.9249570270608,3,"LIVE",1,NA,NA,NA,NA,NA,NA,"PSME-QUCH2/RHDI6","Douglas-fir - Dry","Mediterranean California Dry-Mesic Mixed Conifer Forest and Woodland","Warm",1144357.75,"Ridge Top",NA,2014,6,557,801,244,1101,0.78740157480315,0.0171361812267271,0.00338158218890339,142,135,79,"Douglas-fir - Dry,Warm,Ridge Top",-123.11442373,42.14894847,NA,NA,NA,NA,NA,NA,NA,NA,NA,NA,NA,NA,NA,NA,NA,1959,34,71,77,1888
92,"S09",92,"S090121_new","Star Gulch","ST09_092_03_new","2_new",1,NA,"Hardwood","S","density",0.1,NA,"NO","ARME",27.4117894858683,0,"CLEAN SNAG",5,NA,NA,NA,NA,NA,NA,"PSME-QUCH2/RHDI6","Douglas-fir - Dry","Mediterranean California Dry-Mesic Mixed Conifer Forest and Woodland","Warm",1446691.75,"Ridge Top",NA,2011,6,534,735,201,1108,4.48818897637795,0.27753247938981,0.109867605317471,255,221,126,"Douglas-fir - Dry,Warm,Ridge Top",-123.11109709,42.14472791,"Pacific madrone","Ridgetop","Small",0.0497322111706197,0.143888888888889,-17.5225369431286,-8.76126847156432,-3.63625495694863,-17.5225369431286,-8.76126847156432,-3.63625495694863,2002,2002,2002,2002,1951,71,93,99,1858
93,"S09",93,"S090123_new","Star Gulch","ST09_093_02_new","1_new",1,100,"Hardwood","S","density",0.1,NA,"NO","ARME",32.2185421593997,0,"CLEAN SNAG",5,NA,NA,NA,NA,NA,NA,"PSME-QUCH2/RHDI6","Douglas-fir - Dry","Mediterranean California Dry-Mesic Mixed Conifer Forest and Woodland","Warm",1446691.75,"Ridge Top",NA,2011,6,534,735,201,1108,5.19685039370079,0.350900787877182,0.147301720148632,255,221,126,"Douglas-fir - Dry,Warm,Ridge Top",-123.11109709,42.14472791,"Pacific madrone","Ridgetop","Small",0.0497322111706197,0.143888888888889,-17.5225369431286,-8.76126847156432,-3.63625495694863,-17.5225369431286,-8.76126847156432,-3.63625495694863,2002,2002,2002,2002,1956,71,81,98,1875
94,"S10",61,"S100088_new","Star Gulch","ST10_061_03_new","2_new",1,NA,"Hardwood","S","density",0.1,NA,"NO","ARME",24.6632461254957,0,"BROKEN BUTT SNAG",7,NA,NA,NA,NA,NA,NA,"PSME-QUCH2/RHDI6","Douglas-fir - Dry","Mediterranean California Dry-Mesic Mixed Conifer Forest and Woodland","Warm",1403850.625,"Ridge Top",NA,2011,6,533,732,199,1060,3.93700787401575,0.225043282266502,0.0845395547225848,312,265,142,"Douglas-fir - Dry,Warm,Ridge Top",-123.10954988,42.14417873,"Pacific madrone","Ridgetop","Small",0.0497322111706197,0.143888888888889,-74.647978679063,-37.3239893395315,-15.4908551985894,-38.1467362321087,-19.0733681160544,-7.91616300571204,1974,1992,1974,1992,1929,46,75,89,1854
95,"T04",41,"T040009_new","Taylor Ridge","TY04_041_01_new","1_new",1,90,"Hardwood","T","density",0.1,"T0409","YES","LIDE",31.2920353639772,3,"LIVE",1,NA,NA,NA,NA,NA,NA,"LIDE3-PSME-QUCH2/RHDI6","Tan oak - Douglas-fir - Dry","Mediterranean California Mixed-Evergreen Forest -- Interior","Cool",728634.25,"Mid Slope",NA,2014,3,487,658,172,324,6.25984251968504,0.472608417341853,0.213724448294167,73,190,148,"Tan oak - Douglas-fir - Dry,Cool,Mid Slope",-123.59941112,42.55766391,NA,NA,NA,NA,NA,NA,NA,NA,NA,NA,NA,NA,NA,NA,NA,1926,73,87,120,1839
96,"T04",13,"T040024_new","Taylor Ridge","TY04_013_01_new","1_new",1,98,"Hardwood","T","density",0.1,"T0424","YES","ARME",31.120138800491,3,"LIVE",1,NA,NA,NA,NA,NA,NA,"LIDE3-PSME-QUCH2/RHDI6","Tan oak - Douglas-fir - Dry","Mediterranean California Mixed-Evergreen Forest -- Interior","Cool",728634.25,"Mid Slope",NA,2014,6,487,658,172,324,5.70866141732283,0.407807169792628,0.177744413804234,73,190,148,"Tan oak - Douglas-fir - Dry,Cool,Mid Slope",-123.59941112,42.55766391,NA,NA,NA,NA,NA,NA,NA,NA,NA,NA,NA,NA,NA,NA,NA,1917,73,87,120,1830
97,"T04",42,"T040079_new","Taylor Ridge","TY04_042_02_new","2_new",1,NA,"Hardwood","T","density",0.1,NA,"NO","UMCA",22.6502434694981,0,"CLEAN SNAG",5,NA,NA,NA,NA,NA,NA,"LIDE3-PSME-QUCH2/RHDI6","Tan oak - Douglas-fir - Dry","Mediterranean California Mixed-Evergreen Forest -- Interior","Cool",728634.25,"Mid Slope",NA,2014,3,487,658,172,324,0.984251968503937,0.024488944517889,0.00528372217016155,73,190,148,"Tan oak - Douglas-fir - Dry,Cool,Mid Slope",-123.59941112,42.55766391,"Misc hardwoods","Other","Small",0.0716364450414148,0.133833333333333,-17.5225369431286,-8.76126847156432,-3.63625495694863,-17.5225369431286,-8.76126847156432,-3.63625495694863,2005,2005,2005,2005,1915,73,87,120,1828
98,"T04",55,"T040107_new","Taylor Ridge","TY04_055_02_new","2_new",1,NA,"Hardwood","T","density",0.1,NA,"NO","LIDE",27.7684081858278,0,"CUT STUMP",2,NA,NA,NA,NA,NA,2007,"LIDE3-PSME-QUCH2/RHDI6","Tan oak - Douglas-fir - Dry","Mediterranean California Mixed-Evergreen Forest -- Interior","Cool",728634.25,"Mid Slope",NA,2014,3,487,658,172,324,5.2927437007874,0.361317820871916,0.152787954672934,73,190,148,"Tan oak - Douglas-fir - Dry,Cool,Mid Slope",-123.59941112,42.55766391,"Misc hardwoods","Other","Small",0.0716364450414148,0.133833333333333,NA,NA,NA,NA,NA,NA,NA,NA,2007,2007,1917,73,87,120,1830
99,"T04",62,"T040124_002_new","Taylor Ridge","TY04_062_03_002_new","3_new",1,NA,"Hardwood","T","density",0.1,NA,"NO","LIDE",21.5911279500097,4,"LIVE",1,NA,NA,NA,NA,NA,NA,"LIDE3-PSME-QUCH2/RHDI6","Tan oak - Douglas-fir - Dry","Mediterranean California Mixed-Evergreen Forest -- Interior","Cool",728634.25,"Mid Slope",NA,2014,3,487,658,172,324,0.984251968503937,0.024488944517889,0.00528372217016155,73,190,148,"Tan oak - Douglas-fir - Dry,Cool,Mid Slope",-123.59941112,42.55766391,NA,NA,NA,NA,NA,NA,NA,NA,NA,NA,NA,NA,NA,NA,NA,1924,73,87,120,1837
100,"VA",784,"V0A0856_new","Evans Creek","MEV7841_new","1_new",1,100,"Hardwood","V","stem",3,NA,"NO","ARME",26.2609270137516,4,"LIVE",1,NA,NA,NA,NA,NA,NA,"PSME-CADE27/BEPI2","Douglas-fir - Dry","Mediterranean California Dry-Mesic Mixed Conifer Forest and Woodland","Warm",1266381.625,"Ridge Top",NA,2012,6,530,692,163,950,7.28346456692913,0.602200093840932,0.289336626038046,102,330,269,"Douglas-fir - Dry,Warm,Ridge Top",-122.9737042,42.6464392,NA,NA,NA,NA,NA,NA,NA,NA,NA,NA,NA,NA,NA,NA,NA,1931,60,132,167,1799
