SiteName,SiteAb,PCID,PlantSeries,Insol,SolarIns,Elevation,PVT,TPI,AET_1900_09,AET_2000_09,AET_2000_09SD,CWD_1900_09,CWD_2000_09,CWD_2000_09SD,AreaHA,Notes,SolarInsol,PlotSizeHA,Elevation_FT,UIDF,Plant_Assoc,HC_Hist_Veg_Name,HC_HistVeg_Rogue,HC_HistVeg_Description,HC_Hist_veg_Descr,Rodne_PID,POINT_X,POINT_Y
Ashland Watershed,AW,PMH03,PIJE,Warm,1406568.0000000,1161,Douglas-fir - Dry,Mid Slope,481.799987792968750,442.500000000000000,59.215286254882812,575.799987792968750,686,66.963935852050781,0.099538221623840, ,1406568.000000000000000,0.1000000,3808,AW01,PSME-PIPO/RHDI6,Ponderosa pine,"Closed forest, upland","Low to mid-elevation xeric mixed hardwood-ponderosa pine forest with Douglas fir.  Black oak, white oak, and madrone (""laurel"") usually present, sometimes with minor amounts of incense cedar.",Xeric harwood-PIPO w PSME,A23,-122.725289529999998,42.143349700000002
Ashland Watershed,AW,PRH05,PSME,Warm,1434681.8750000,1118,Douglas-fir - Dry,Ridge Top,493.200012207031250,451.600006103515625,60.389072418212891,556.309997558593750,671,64.175949096679688,0.099538221644672,"heavily logged/thinned, more midslope",1434681.875000000000000,0.1000000,3667,AW02,PSME-PIPO/RHDI6,Ponderosa pine,"Closed forest, upland","Low to mid-elevation xeric mixed hardwood-ponderosa pine forest with Douglas fir.  Black oak, white oak, and madrone (""laurel"") usually present, sometimes with minor amounts of incense cedar.",Xeric harwood-PIPO w PSME,A27,-122.726573509999994,42.139842520000002
Ashland Watershed,AW,PMH04,ABCO,Warm,1263728.2500000,1181,White fir - Intermediate,Mid Slope,474.100006103515625,438.399993896484375,69.169647216796875,555.820007324218750,656,68.313201904296875,0.099538221644672,AWPP 2005 non-commercial,1263728.250000000000000,0.1000000,3874,AW03,PSME-ABCO/SYMO,Douglas fir,"Closed forest, upland","Burned white fir and Douglas fir forest, with yellow pine and often sugar pine, at middle elevation (cool) sites on granite soils. Sometimes described as ""heavy timber."" Black oak occasionally present on warmer sites,","ABCO, PSME, w PIPO",A34,-122.720486829999999,42.128132069999999
Ashland Watershed,AW,PRL03,ABCO,Cool,1119313.5000000,1228,White fir - Intermediate,Ridge Top,466.399993896484375,431.299987792968750,58.994998931884766,539.059997558593750,632,61.470466613769531,0.099538221644672, ,1119313.500000000000000,0.1000000,4028,AW04,ABCO-PSME/ROGY,Douglas fir,"Closed forest, upland","White fir - Douglas fir forest, with yellow pine and often sugar pine, at middle elevation (cool) sites on granite soils. Sometimes described as ""heavy timber."" Black oak occasionally present on warmer sites,",ABCO-PSME w pine,A28,-122.673120560000001,42.138295210000003
Ashland Watershed,AW,PML01,ABCO,Cool,1110672.2500000,990,Douglas-fir - Dry,Bottom Slope,471.899993896484375,429.000000000000000,55.892753601074219,571.780029296875000,679,68.609489440917969,0.099538221644672, ,1110672.250000000000000,0.1000000,3247,AW05,PSME-PIPO/RHDI6,Ponderosa pine,"Closed forest, upland",Low to mid-elevation xeric Douglas fir-mixed hardwood forest.  Ponderosa pine and hardwoods are codominant or secondary.  Mid- or late-successional stands where hardwood trees and pine are being replaced by Douglas fir.,Xeric PSME-hardwood,A13,-122.697466449999993,42.155527450000001
Ashland Watershed,AW,AMH01,ABCO,Warm,1423627.2500000,1456,White fir - Intermediate,Mid Slope,476.200012207031250,430.100006103515625,67.949172973632812,540.780029296875000,643,67.097137451171875,0.099538221644672,Clearcut saying 1965 for proximity to 1967 and 1962 clearcuts,1423627.250000000000000,0.1000000,4776,AW06,ABCO/BENE2,Douglas fir,"Closed forest, upland","White fir - Douglas fir forest, with yellow pine and often sugar pine, at middle elevation (cool) sites on granite soils. Sometimes described as ""heavy timber."" Black oak occasionally present on warmer sites,",ABCO-PSME w pine,A21,-122.743404479999995,42.147707400000002
Ashland Watershed,AW,ARH04,ABCO,Warm,1485469.6250000,1487,Douglas-fir - Dry,Ridge Top,466.799987792968750,426.600006103515625,67.155342102050781,556.349975585937500,655,67.375709533691406,0.099538221644672,fuelbreak AWPP 2005 non-commercial,1485469.625000000000000,0.1000000,4877,AW07,PSME/ARNE-SWO,Ponderosa pine,"Closed forest, upland","Low to mid-elevation xeric sugar pine - ponderosa pine - Douglas fir forest, usually with madrone (“laurel”) and black oak. Most common on south aspects with pine as dominant, but may occur on north aspects with Douglas fir as dominant.","Xeric PILA, PIPO, PSME, HW",A33,-122.712889739999994,42.129339840000000
Ashland Watershed,AW,AMH03,ABCO,Warm,1307245.1250000,1402,White fir - Intermediate,Mid Slope,444.399993896484375,419.899993896484375,71.754371643066406,542.330017089843750,631,67.065505981445312,0.099538221644672,AWPP 2005,1307245.125000000000000,0.1000000,4599,AW08,PSME-ABCO/SYMO,Ponderosa pine,,,,A37,-122.709955149999999,42.126909159999997
Ashland Watershed,AW,PRL02,PSME,Cool,1015393.1875000,1107,White fir - Intermediate,Ridge Top,499.000000000000000,455.000000000000000,59.331272125244141,560.049987792968750,679,67.668212890625000,0.099538221623840,more midslope,1015393.187500000000000,0.1000000,3631,AW09,PSME-ABCO/SYMO,Ponderosa pine,"Closed forest, upland",Low to mid-elevation xeric Douglas fir-mixed hardwood forest.  Ponderosa pine and hardwoods are codominant or secondary.  Mid- or late-successional stands where hardwood trees and pine are being replaced by Douglas fir.,Xeric PSME-hardwood,A24,-122.716363830000006,42.141857829999999
Ashland Watershed,AW,PB01,ABCO,Cool,693275.1875000,1051,Douglas-fir - Moist,Bottom Slope,499.000000000000000,455.000000000000000,59.331272125244141,560.049987792968750,679,67.668212890625000,0.099538221644672, ,693275.187500000000000,0.1000000,3447,AW10,PSME/BENE2/POMU,Ponderosa pine,"Closed forest, upland",Low to mid-elevation xeric Douglas fir-mixed hardwood forest.  Ponderosa pine and hardwoods are codominant or secondary.  Mid- or late-successional stands where hardwood trees and pine are being replaced by Douglas fir.,Xeric PSME-hardwood,A26,-122.713136939999998,42.141164940000003
Ashland Watershed,AW,PML03,ABCO,Warm,1139494.7500000,1251,White fir - Intermediate,Mid Slope,461.899993896484375,426.799987792968750,61.453723907470703,536.520019531250000,635,63.609798431396484,0.099538221644672,AWPP 2005 non-commercial,1139494.750000000000000,0.1000000,4103,AW11,ABCO/SYMO,Ponderosa pine,"Closed forest, upland","White fir - Douglas fir forest, with yellow pine and often sugar pine, at middle elevation (cool) sites on granite soils. Sometimes described as ""heavy timber."" Black oak occasionally present on warmer sites,",ABCO-PSME w pine,A30,-122.709041020000001,42.138019739999997
Ashland Watershed,AW,AB01,ABCO,Cool,1034562.4375000,1156,White fir - Intermediate,Bottom Slope,478.700012207031250,440.200012207031250,62.855072021484375,524.450012207031250,625,64.658523559570312,0.099538221623840,lots of yew just west of creek,1034562.437500000000000,0.1000000,3792,AW12,PSME-ABCO,Ponderosa pine,"Closed forest, upland",Low to mid-elevation xeric Douglas fir-mixed hardwood forest.  Ponderosa pine and hardwoods are codominant or secondary.  Mid- or late-successional stands where hardwood trees and pine are being replaced by Douglas fir.,Xeric PSME-hardwood,A29,-122.711527079999996,42.138165239999999
Ashland Watershed,AW,PRH01,ABCO,Warm,1294520.8750000,1239,White fir - Intermediate,Ridge Top,469.200012207031250,424.500000000000000,59.620883941650391,544.390014648437500,642,63.095279693603516,0.099538221644672,RNA,1294520.875000000000000,0.1000000,4064,AW13,PSME-ABCO/SYMO,Ponderosa pine,"Closed forest, upland",Low to mid-elevation xeric Douglas fir-mixed hardwood forest.  Ponderosa pine and hardwoods are codominant or secondary.  Mid- or late-successional stands where hardwood trees and pine are being replaced by Douglas fir.,Xeric PSME-hardwood,A22,-122.693800339999996,42.144886319999998
Ashland Watershed,AW,PMH01,PSME,Cool,970818.0000000,1261,Douglas-fir - Dry,Mid Slope,473.000000000000000,436.000000000000000,61.410095214843750,526.020019531250000,631,66.341300964355469,0.099538221623840,"lots of arme, old psme",970818.000000000000000,0.1000000,4136,AW14,PSME/HODI/WHMO-SWO,Douglas fir,"Closed forest, upland","White fir - Douglas fir forest, with yellow pine and often sugar pine, at middle elevation (cool) sites on granite soils. Sometimes described as ""heavy timber."" Black oak occasionally present on warmer sites,",ABCO-PSME w pine,A01,-122.741904599999998,42.178834260000002
Ashland Watershed,AW,PMH02,PIJE,Warm,1307130.6250000,1290,White fir - Intermediate,Mid Slope,473.399993896484375,433.500000000000000,62.326961517333984,548.179992675781250,648,64.687408447265625,0.099538221623840, ,1307130.625000000000000,0.1000000,4231,AW15,PSME-ABCO/SYMO,Douglas fir,"Closed forest, upland","Low to mid-elevation xeric mixed hardwood-ponderosa pine forest with Douglas fir.  Black oak, white oak, and madrone (""laurel"") usually present, sometimes with minor amounts of incense cedar.",Xeric harwood-PIPO w PSME,A02,-122.736593090000000,42.173017270000003
Ashland Watershed,AW,AML02,ABCO,Cool,1031520.1250000,1566,White fir - Intermediate,Mid Slope,432.399993896484375,394.700012207031250,60.264499664306641,419.019989013671875,552,68.771652221679688,0.099538221644672,openish fir stand pretty homogenious no legacies apparent,1031520.125000000000000,0.1000000,5136,AW16,PSME-ABCO,Ponderosa pine,,,,A43,-122.671987130000005,42.121639150000000
Ashland Watershed,AW,ARL01,ABCO,Warm,1250752.8750000,1599,White fir - Cool,Ridge Top,402.899993896484375,384.600006103515625,63.361186981201172,542.409973144531250,647,62.787029266357422,0.099538221623840,small ridge open fir stand no stumps evident,1250752.875000000000000,0.1000000,5245,AW17,ABCO-ABMAS/CHUM-ANDE3,Douglas fir,,,,A54,-122.660696959999996,42.112178989999997
Ashland Watershed,AW,ARH01,ABCO,Warm,1398881.8750000,1785,Douglas-fir - Dry,Ridge Top,406.899993896484375,375.299987792968750,61.059070587158203,435.220001220703125,573,65.735870361328125,0.099538221644672,tiptop of ridge very open Clearcut 1962?,1398881.875000000000000,0.1000000,5855,AW18,PSME/ARNE-SWO,Douglas fir,,,,A59,-122.680750660000001,42.103093149999999
Ashland Watershed,AW,AMH02,ABCO,Warm,1350579.3750000,1357,White fir - Cool,Mid Slope,447.200012207031250,411.500000000000000,68.076797485351562,550.909973144531250,648,67.620918273925781,0.099538221623840,"big pila, good to map",1350579.375000000000000,0.1000000,4451,AW19,ABCO-LIDE3/CHUM,Ponderosa pine,,,,A46,-122.700783529999995,42.119629539999998
Ashland Watershed,AW,PRL01,PSME,Cool,1069840.6250000,991,Douglas-fir - Dry,Ridge Top,484.500000000000000,446.399993896484375,57.893348693847656,593.970031738281250,699,67.514595031738281,0.099538221644672,"on a lat ridge, no stumps but fire ev. dont map",1069840.625000000000000,0.1000000,3250,AW20,PSME/HODI/WHMO-SWO,Ponderosa pine,"Closed forest, upland",Low to mid-elevation xeric Douglas fir-mixed hardwood forest.  Ponderosa pine and hardwoods are codominant or secondary.  Mid- or late-successional stands where hardwood trees and pine are being replaced by Douglas fir.,Xeric PSME-hardwood,A15,-122.721997200000004,42.154131759999999
Ashland Watershed,AW,PB04,PSME,Cool,1007686.9375000,946,White fir - Intermediate,Bottom Slope,486.799987792968750,449.500000000000000,56.526542663574219,623.520019531250000,724,64.156890869140625,0.099538221644672, ,1007686.937500000000000,0.1000000,3103,AW21,ABCO-PSME/ROGY,Ponderosa pine,"Closed forest, upland","Low to mid-elevation xeric sugar pine-ponderosa pine-Douglas fir forest, usually with madrone and black oak.  Most common on south aspects with pine as dominant, but may occur on north aspects with Douglas fir as dominant.  Soils often granitic.","Xeric PILA, PIPO, PSME, HW",A09,-122.711582919999998,42.160808670000002
Ashland Watershed,AW,PRH02,PSME,Warm,1405492.5000000,1103,Douglas-fir - Dry,Ridge Top,470.799987792968750,420.700012207031250,63.650688171386719,568.000000000000000,678,69.083755493164062,0.099538221644672,more mid than ridge. big stumps/snags no live legs - Clearcut 1968,1405492.500000000000000,0.1000000,3618,AW22,PSME-PIPO/RHDI6,Ponderosa pine,"Closed forest, upland","Low to mid-elevation xeric mixed hardwood-ponderosa pine forest with Douglas fir.  Black oak, white oak, and madrone (""laurel"") usually present, sometimes with minor amounts of incense cedar.",Xeric harwood-PIPO w PSME,A17,-122.729872279999995,42.151895639999999
Ashland Watershed,AW,PRH03,ABCO,Warm,1391317.3750000,1260,White fir - Intermediate,Ridge Top,481.299987792968750,429.799987792968750,62.141452789306641,552.960021972656250,658,63.540363311767578,0.099538221623840,right below ridge. good to map. lots of big pipo,1391317.375000000000000,0.1000000,4133,AW23,PSME-ABCO/SYMO,Ponderosa pine,"Closed forest, upland","Low to mid-elevation xeric mixed hardwood-ponderosa pine forest with Douglas fir.  Black oak, white oak, and madrone (""laurel"") usually present, sometimes with minor amounts of incense cedar.",Xeric harwood-PIPO w PSME,A25,-122.732239419999999,42.141826029999997
Ashland Watershed,AW,PMH05,ABCO,Warm,1266438.5000000,1236,White fir - Intermediate,Bottom Slope,461.200012207031250,412.700012207031250,78.733795166015625,534.489990234375000,635,67.941253662109375,0.099538221644672,more bottomslope,1266438.500000000000000,0.1000000,4054,AW24,PSME-ABCO/SYMO,Ponderosa pine,,,,A44,-122.713558180000007,42.121568879999998
Ashland Watershed,AW,AML05,ABCO,Cool,1105149.0000000,1411,White fir - Intermediate,Mid Slope,428.000000000000000,411.100006103515625,65.678688049316406,493.989990234375000,594,63.687095642089844,0.099538221644672, ,1105149.000000000000000,0.1000000,4628,AW25,ABCO/BENE2,Douglas fir,,,,A49,-122.693218079999994,42.115719210000002
Ashland Watershed,AW,PRL04,PSME,Cool,981117.9375000,1019,Douglas-fir - Dry,Ridge Top,499.000000000000000,455.000000000000000,59.331272125244141,560.049987792968750,679,67.668212890625000,0.099538221623840,AWPP 2005,981117.937500000000000,0.1000000,3342,AW26,PSME/HODI/WHMO-SWO,Douglas fir,"Closed forest, upland",Low to mid-elevation xeric Douglas fir-mixed hardwood forest.  Ponderosa pine and hardwoods are codominant or secondary.  Mid- or late-successional stands where hardwood trees and pine are being replaced by Douglas fir.,Xeric PSME-hardwood,A19,-122.713298379999998,42.149328939999997
Ashland Watershed,AW,PB05,ABCO,Warm,1377170.5000000,998,Douglas-fir - Dry,Bottom Slope,484.700012207031250,448.299987792968750,58.967872619628906,609.750000000000000,704,68.748809814453125,0.099538221623840,not bottom more midslope,1377170.500000000000000,0.1000000,3273,AW27,PSME-PIPO/RHDI6,Douglas fir,"Closed forest, upland","Low to mid-elevation xeric mixed hardwood-ponderosa pine forest with Douglas fir.  Black oak, white oak, and madrone (""laurel"") usually present, sometimes with minor amounts of incense cedar.",Xeric harwood-PIPO w PSME,A03,-122.725182079999996,42.169865969999996
Ashland Watershed,AW,ARL05,ABCO,Warm,1202755.8750000,1469,White fir - Intermediate,Ridge Top,460.600006103515625,422.399993896484375,64.047172546386719,527.700012207031250,628,63.067539215087891,0.099538221644672, ,1202755.875000000000000,0.1000000,4818,AW28,ABCO/BENE2,Ponderosa pine,"Closed forest, upland","White fir - Douglas fir forest, with yellow pine and often sugar pine, at middle elevation (cool) sites on granite soils. Sometimes described as ""heavy timber."" Black oak occasionally present on warmer sites,",ABCO-PSME w pine,A32,-122.686806759999996,42.134571190000003
Ashland Watershed,AW,AB04,ABCO,Cool,809125.1875000,1390,White fir - Intermediate,Bottom Slope,485.500000000000000,427.500000000000000,70.637451171875000,368.600006103515625,509,66.733810424804688,0.099538221644672, ,809125.187500000000000,0.1000000,4559,AW29,ABCO/BENE2/LIBOL,Douglas fir,,,,A52,-122.750026989999995,42.114700440000000
Ashland Watershed,AW,AML01,ABCO,Warm,1161998.2500000,1515,White fir - Intermediate,Ridge Top,461.200012207031250,409.500000000000000,66.454872131347656,383.570007324218750,519,64.814498901367188,0.099538221644672, ,1161998.250000000000000,0.1000000,4969,AW30,ABCO/BENE2,Douglas fir,,,,A48,-122.732173239999995,42.115880040000000
Ashland Watershed,AW,PRH04,ABCO,Warm,1433473.3750000,1248,Ponderosa pine - Dry,Ridge Top,475.600006103515625,425.200012207031250,57.844272613525391,561.780029296875000,659,65.513542175292969,0.099538221623840,160 partial cut - AWPP 2005 non-commercial,1433473.375000000000000,0.1000000,4093,AW31,PIPO-PSME,Douglas fir,"Closed forest, upland","Low to mid-elevation xeric mixed hardwood-ponderosa pine forest with Douglas fir.  Black oak, white oak, and madrone (""laurel"") usually present, sometimes with minor amounts of incense cedar.",Xeric harwood-PIPO w PSME,A05,-122.731959029999999,42.167515450000003
Ashland Watershed,AW,PB02,ABCO,Cool,1105742.2500000,981,Douglas-fir - Dry,Bottom Slope,484.500000000000000,446.399993896484375,57.893348693847656,593.970031738281250,699,67.514595031738281,0.099538221623840, ,1105742.250000000000000,0.1000000,3218,AW32,PSME/HODI/WHMO-SWO,Ponderosa pine,"Closed forest, upland","Low to mid-elevation xeric mixed hardwood-ponderosa pine forest with Douglas fir.  Black oak, white oak, and madrone (""laurel"") usually present, sometimes with minor amounts of incense cedar.",Xeric harwood-PIPO w PSME,A14,-122.726563200000001,42.155485300000002
Ashland Watershed,AW,AML03,ABCO,Warm,1127983.3750000,1355,White fir - Intermediate,Mid Slope,485.500000000000000,449.100006103515625,66.967826843261719,466.250000000000000,577,70.581939697265625,0.099538221644672,Partial cut 1965,1127983.375000000000000,0.1000000,4444,AW33,ABCO/BENE2/LIBOL,Douglas fir,"Closed forest, upland","White fir - Douglas fir forest, with yellow pine and often sugar pine, at middle elevation (cool) sites on granite soils. Sometimes described as ""heavy timber."" Black oak occasionally present on warmer sites,",ABCO-PSME w pine,A36,-122.746856149999999,42.127302049999997
Ashland Watershed,AW,AB03,ABCO,Cool,947592.3125000,1211,White fir - Intermediate,Bottom Slope,450.799987792968750,421.899993896484375,66.358795166015625,544.719970703125000,640,67.350608825683594,0.099538221644672, ,947592.312500000000000,0.1000000,3972,AW34,PSME-ABCO,Ponderosa pine,"Closed forest, upland","White fir - Douglas fir forest, with yellow pine and often sugar pine, at middle elevation (cool) sites on granite soils. Sometimes described as ""heavy timber."" Black oak occasionally present on warmer sites,",ABCO-PSME w pine,A35,-122.693926899999994,42.127744630000002
Ashland Watershed,AW,ARL02,ABCO,Cool,1104020.5000000,1467,White fir - Intermediate,Ridge Top,476.600006103515625,430.100006103515625,67.549163818359375,477.470001220703125,575,65.681495666503906,0.099538221623840,no live legs or fire,1104020.500000000000000,0.1000000,4812,AW35,ABCO/BENE2,Douglas fir,,,,A47,-122.730374440000006,42.118246990000003
Ashland Watershed,AW,ARL04,ABCO,Warm,1191939.8750000,1333,White fir - Intermediate,Mid Slope,453.399993896484375,416.399993896484375,74.936241149902344,514.469970703125000,605,70.300003051757812,0.099538221644672,midslope ridge,1191939.875000000000000,0.1000000,4372,AW36,ABCO/BENE2,Douglas fir,,,,A53,-122.699802259999998,42.113836990000003
Ashland Watershed,AW,PML05,ABCO,Cool,1092752.6250000,1310,White fir - Intermediate,Ridge Top,466.399993896484375,431.299987792968750,58.994998931884766,539.059997558593750,632,61.470466613769531,0.099538221644672, ,1092752.625000000000000,0.1000000,4297,AW37,PSME-ABCO/SYMO,Ponderosa pine,"Closed forest, upland","White fir - Douglas fir forest, with yellow pine and often sugar pine, at middle elevation (cool) sites on granite soils. Sometimes described as ""heavy timber."" Black oak occasionally present on warmer sites,",ABCO-PSME w pine,A31,-122.673293599999994,42.135351510000000
Ashland Watershed,AW,PB03,PSME,Cool,1093263.2500000,840,Douglas-fir - Dry,Bottom Slope,464.600006103515625,434.899993896484375,53.991573333740234,652.559997558593750,725,62.975093841552734,0.099538221644672,"good pb to map, no stumps obvious, small traces of fire - AWPP 2005",1093263.250000000000000,0.1000000,2755,AW38,PSME/DRY SHRUB,Ponderosa pine,"Closed forest, upland","Low to mid-elevation xeric sugar pine-ponderosa pine-Douglas fir forest, usually with madrone and black oak.  Most common on south aspects with pine as dominant, but may occur on north aspects with Douglas fir as dominant.  Soils often granitic.","Xeric PILA, PIPO, PSME, HW",A06,-122.706724690000001,42.166941090000002
Ashland Watershed,AW,PML04,PSME,Cool,1061311.1250000,1033,Douglas-fir - Dry,Mid Slope,469.299987792968750,436.399993896484375,55.521526336669922,616.539978027343750,712,66.517982482910156,0.099538221644672,RIGHT off trail AWPP 2005,1061311.125000000000000,0.1000000,3388,AW39,PSME-PIPO/RHDI6,Douglas fir,"Closed forest, upland","Low to mid-elevation xeric sugar pine-ponderosa pine-Douglas fir forest, usually with madrone and black oak.  Most common on south aspects with pine as dominant, but may occur on north aspects with Douglas fir as dominant.  Soils often granitic.","Xeric PILA, PIPO, PSME, HW",A10,-122.699602310000003,42.160495779999998
Ashland Watershed,AW,AMH04,ABCO,Warm,1363289.2500000,1733,White fir - Cool,Mid Slope,415.700012207031250,377.600006103515625,60.407283782958984,425.519989013671875,562,68.469314575195312,0.099538221644672,"ridgetop open/meadow, stumps rotten to saw - Clearcut 1983",1363289.250000000000000,0.1000000,5684,AW40,ABCO-ABMAS/CHUM-ANDE3,Douglas fir,,,,A50,-122.675436980000001,42.115638199999999
Ashland Watershed,AW,AML04,ABCO,Warm,1269506.0000000,1726,White fir - Cool,Mid Slope,415.000000000000000,383.700012207031250,63.532749176025391,429.489990234375000,566,67.817375183105469,0.099538221644672,another meadowish plot. midslope.,1269506.000000000000000,0.1000000,5661,AW41,ABCO-ABMAS/CHUM-ANDE3,Douglas fir,,,,A57,-122.679820010000000,42.110805820000003
Ashland Watershed,AW,ARH05,ABCO,Warm,1347212.5000000,1693,White fir - Intermediate,Ridge Top,432.399993896484375,394.700012207031250,60.264499664306641,419.019989013671875,552,68.771652221679688,0.099538221644672, ,1347212.500000000000000,0.1000000,5553,AW42,PSME-ABCO,Ponderosa pine,,,,A45,-122.673365169999997,42.119830569999998
Ashland Watershed,AW,ARH03,ABCO,Warm,1439589.1250000,1407,White fir - Intermediate,Ridge Top,473.600006103515625,424.799987792968750,69.480644226074219,537.659973144531250,640,68.249732971191406,0.099538221623840,big pines around plot,1439589.125000000000000,0.1000000,4615,AW43,ABCO/BENE2,Ponderosa pine,,,,A39,-122.740867339999994,42.125925449999997
Ashland Watershed,AW,PML02,ABCO,Cool,1107916.7500000,1252,White fir - Intermediate,Mid Slope,476.600006103515625,430.100006103515625,67.549163818359375,477.470001220703125,575,65.681495666503906,0.099538221623840, ,1107916.750000000000000,0.1000000,4107,AW44,PSME-ABCO,Douglas fir,,,,A42,-122.732113909999995,42.122172679999998
Ashland Watershed,AW,AB02,ABCO,Warm,1138345.6250000,1164,White fir - Intermediate,Bottom Slope,511.500000000000000,447.200012207031250,63.162963867187500,469.269989013671875,585,72.639427185058594,0.099538221623840, ,1138345.625000000000000,0.1000000,3818,AW45,PSME-ABCO,Douglas fir,,,,A40,-122.736566699999997,42.122833170000000
Ashland Watershed,AW,ARH02,ABCO,Warm,1441066.7500000,1416,Douglas-fir - Dry,Ridge Top,447.600006103515625,413.000000000000000,68.490875244140625,545.900024414062500,641,68.214729309082031,0.027351953244788, ,1441066.750000000000000,0.1000000,4644,AW46,PSME-PIPO/RHDI6,Ponderosa pine,,,,A41,-122.709370280000002,42.122478749999999
Ashland Watershed,AW,ARH02,ABCO,Warm,1441066.7500000,1416,Douglas-fir - Dry,Ridge Top,447.600006103515625,413.000000000000000,68.490875244140625,545.900024414062500,641,68.214729309082031,0.072180886552859, ,1441066.750000000000000,0.1000000,4644,AW46,PSME-PIPO/RHDI6,Ponderosa pine,,,,A41,-122.709370280000002,42.122478749999999
Ashland Watershed,AW,ARL03,ABCO,Cool,1074891.3750000,1353,White fir - Intermediate,Mid Slope,467.100006103515625,417.000000000000000,74.975997924804688,385.500000000000000,518,69.029724121093750,0.099538221644672,no stumps,1074891.375000000000000,0.1000000,4438,AW47,ABCO/BENE2,Douglas fir,,,,A51,-122.741343200000003,42.115054010000001
Ashland Watershed,AW,PRL05,ABCO,Warm,1181808.5000000,1258,White fir - Intermediate,Ridge Top,474.100006103515625,438.399993896484375,69.169647216796875,555.820007324218750,656,68.313201904296875,0.099538221644672,AWPP 2005,1181808.500000000000000,0.1000000,4126,AW48,PSME-ABCO,Douglas fir,,,,A38,-122.727452470000003,42.126626870000003
Ashland Watershed,AW,AMH05,ABCO,Warm,1300214.3750000,1559,White fir - Cool,Ridge Top,485.500000000000000,427.500000000000000,70.637451171875000,368.600006103515625,509,66.733810424804688,0.099538221644672,to map,1300214.375000000000000,0.1000000,5114,AW49,ABCO-ABMAS/CHUM-ANDE3,Douglas fir,,,,A56,-122.750631679999998,42.110983490000002
Ashland Watershed,AW,AB05,ABCO,Cool,841350.2500000,1395,White fir - Intermediate,Bottom Slope,467.100006103515625,417.000000000000000,74.975997924804688,385.500000000000000,518,69.029724121093750,0.099538221644672,steeep fir,841350.250000000000000,0.1000000,4576,AW50,ABCO/BENE2/LIBOL,Douglas fir,,,,A55,-122.742218129999998,42.111746629999999
Taylor Ridge,TY,TR08,ABCO,Cool,988149.1875000,500,Tanoak - Douglas-fir - Dry,Mid Slope,500.399993896484375,478.200012207031250,66.989250183105469,639.400024414062500,718,80.741218566894531,0.099538221623840, ,988149.187500000000000,0.1000000,1640,TY08,LIDE3-PSME-QUCH2/RHDI6,Douglas fir,,,,T08,-123.605391530000006,42.553427050000003
Taylor Ridge,TY,TR09,ABCO,Cool,1027685.6875000,481,Tanoak - Douglas-fir - Dry,Ridge Top,500.399993896484375,478.200012207031250,66.989250183105469,639.400024414062500,718,80.741218566894531,0.099538221644672,Modeled as Ridge,1027685.687500000000000,0.1000000,1578,TY09,LIDE3-PSME-QUCH2/RHDI6,Douglas fir,,,,T09,-123.604037300000002,42.556840479999998
Taylor Ridge,TY,TR10,PSME,Warm,1191053.1250000,480,Tanoak - Douglas-fir - Dry,Ridge Top,500.399993896484375,478.200012207031250,66.989250183105469,639.400024414062500,718,80.741218566894531,0.099538221623840,Modeled as Ridge - Fuels 2003,1191053.125000000000000,0.1000000,1574,TY10,LIDE3-PSME-QUCH2/RHDI6,Douglas fir,,,,T10,-123.602666670000005,42.557415949999999
Briggs Secret,BS,BS08,ABCO,Cool,913718.9375000,902,Tan oak - Douglas-fir - Dry,Ridge Top,518.000000000000000,492.600006103515625,73.429145812988281,579.859985351562500,668,82.401451110839844,0.099538221623840,Modeled as LIDE,913718.937500000000000,0.1000000,2959,BS08,LIDE3-PSME-QUCHE2/BENE2,Douglas fir,,,,R08,-123.676451720000003,42.434729709999999
Briggs Secret,BS,BS09,ABCO,Warm,1230184.8750000,961,Tan oak - Douglas-fir - Dry,Ridge Top,518.000000000000000,492.600006103515625,73.429145812988281,579.859985351562500,668,82.401451110839844,0.099538221644672,Modeled as LIDE,1230184.875000000000000,0.1000000,3152,BS09,LIDE3-PSME-QUCHE2/BENE2,Douglas fir,,,,R09,-123.675556090000001,42.433810649999998
Briggs Secret,BS,BS10,PIJE,Warm,1403772.0000000,922,Tan oak - Douglas-fir - Dry,Ridge Top,544.900024414062500,515.099975585937500,72.629814147949219,615.849975585937500,703,85.207122802734375,0.099538221623840,Modeled as LIDE,1403772.000000000000000,0.1000000,3024,BS10,LIDE3-PSME-QUCHE2/BENE2,Douglas fir,,,,R10,-123.674832519999995,42.431954939999997
Elder Creek,ED,HC08,PSME,Warm,1404081.0000000,958,Jeffrey pine,Ridge Top,609.900024414062500,577.299987792968750,84.444122314453125,632.029968261718750,730,93.673591613769531,0.099538221623840,Modeled as Ridge,1404081.000000000000000,0.1000000,3142,ED08,PSME-CADE27-PIJE,Ponderosa pine,,,,E08,-123.565743220000002,42.055305009999998
Elder Creek,ED,HC09,PIJE,Warm,1203614.5000000,967,Jeffrey pine,Mid Slope,609.900024414062500,577.299987792968750,84.444122314453125,632.029968261718750,730,93.673591613769531,0.099538221644672,Modeled as PIJE Ridge,1203614.500000000000000,0.1000000,3172,ED09,PSME-CADE27-PIJE,Ponderosa pine,,,,E09,-123.566449120000001,42.056686480000003
Elder Creek,ED,HC10,PIJE,Warm,1403170.3750000,930,Douglas-fir - Dry,Mid Slope,592.700012207031250,555.599975585937500,93.336166381835938,626.669982910156250,718,90.338012695312500,0.099538221623840,Modeled as Ridge,1403170.375000000000000,0.1000000,3050,ED10,PSME-QUCH2/RHDI6,Ponderosa pine,,,,E10,-123.568540139999996,42.058113440000000
Elliott Ridge,ET,SquawPRH02,PSME,Warm,1531068.5000000,1480,Ponderosa pine - Dry,Ridge Top,525.700012207031250,465.100006103515625,75.738296508789062,567.209960937500000,696,73.635261535644531,0.099538221644672, ,1531068.500000000000000,0.1000000,4854,ET08,PIPO-PSME,Ponderosa pine,,,,L08,-123.026493119999998,42.014044620000000
Elliott Ridge,ET,SquawPMH01,PSME,Warm,1510807.7500000,1477,Ponderosa pine - Dry,Ridge Top,522.200012207031250,465.799987792968750,75.230049133300781,577.450012207031250,712,74.810646057128906,0.099538221644672, ,1510807.750000000000000,0.1000000,4845,ET09,PIPO-PSME,Ponderosa pine,,,,L09,-123.028522740000000,42.014244470000001
Elliott Ridge,ET,SquawPRH01,ABCO,Warm,1525619.8750000,1458,Ponderosa pine - Dry,Ridge Top,522.200012207031250,465.799987792968750,75.230049133300781,577.450012207031250,712,74.810646057128906,0.099538221644672, ,1525619.875000000000000,0.1000000,4782,ET10,PIPO-PSME,Ponderosa pine,,,,L10,-123.031136340000003,42.013914100000001
Boaz Gulch,BO,BoazPML01,ABCO,Cool,1022257.0625000,1024,Douglas-fir - Dry,Ridge Top,538.599975585937500,469.299987792968750,68.955131530761719,650.919982910156250,774,75.037536621093750,0.099538221644672,Near Fuels trtmnt 2010,1022257.062500000000000,0.1000000,3359,,,Douglas fir,"Closed forest, upland","Low to mid-elevation xeric mixed hardwood-ponderosa pine forest with Douglas fir.  Black oak, white oak, and madrone (""laurel"") usually present, sometimes with minor amounts of incense cedar.",Xeric harwood-PIPO w PSME,Z01,-123.016006110000006,42.163674309999998
Boaz Gulch,BO,BoazPRH01,ABCO,Warm,1196072.7500000,1035,Douglas-fir - Dry,Ridge Top,538.599975585937500,469.299987792968750,68.955131530761719,650.919982910156250,774,75.037536621093750,0.099538221644672, ,1196072.750000000000000,0.1000000,3395,,,Douglas fir,"Closed forest, upland","Low to mid-elevation xeric mixed hardwood-ponderosa pine forest with Douglas fir.  Black oak, white oak, and madrone (""laurel"") usually present, sometimes with minor amounts of incense cedar.",Xeric harwood-PIPO w PSME,Z02,-123.015742549999999,42.162496740000002
Boaz Gulch,BO,BoazPRL01,PSME,Cool,1004773.5625000,1053,Douglas-fir - Dry,Ridge Top,538.599975585937500,469.299987792968750,68.955131530761719,650.919982910156250,774,75.037536621093750,0.099538221644672, ,1004773.562500000000000,0.1000000,3454,,,Douglas fir,"Closed forest, upland","Low to mid-elevation xeric mixed hardwood-ponderosa pine forest with Douglas fir.  Black oak, white oak, and madrone (""laurel"") usually present, sometimes with minor amounts of incense cedar.",Xeric harwood-PIPO w PSME,Z03,-123.014940249999995,42.160448559999999
Star Gulch,ST,StarA101,ABCO,Warm,1434627.5000000,1164,Douglas-fir - Dry,Ridge Top,542.299987792968750,479.700012207031250,78.341621398925781,595.479980468750000,707,79.470458984375000,0.099538221623840,Fuels 2011,1434627.500000000000000,0.1000000,3818,ST08,PSME-QUCH2/RHDI6,Douglas fir,"Closed forest, upland","Moist Douglas fir forest at various elevations, usually with madrone (“laurel”). May include ponderosa pine, black oak, live oak, bigleaf maple, and Pacific yew.  Understory may contain chinquapin, dogwood, hazel.","Moist PSME-ARME, PIPO, HW",S08,-123.112928109999999,42.145441759999997
Star Gulch,ST,StarA102,PSME,Warm,1446691.7500000,1108,Douglas-fir - Dry,Ridge Top,542.299987792968750,479.700012207031250,78.341621398925781,595.479980468750000,707,79.470458984375000,0.099538221644672, ,1446691.750000000000000,0.1000000,3634,ST09,PSME-QUCH2/RHDI6,Douglas fir,"Closed forest, upland","Moist Douglas fir forest at various elevations, usually with madrone (“laurel”). May include ponderosa pine, black oak, live oak, bigleaf maple, and Pacific yew.  Understory may contain chinquapin, dogwood, hazel.","Moist PSME-ARME, PIPO, HW",S09,-123.111097090000001,42.144727910000000
Star Gulch,ST,StarA103,ABCO,Warm,1403850.6250000,1060,Douglas-fir - Dry,Ridge Top,573.099975585937500,499.600006103515625,74.216171264648438,643.200012207031250,762,77.799728393554688,0.099538221623840, ,1403850.625000000000000,0.1000000,3477,ST10,PSME-QUCH2/RHDI6,Douglas fir,"Closed forest, upland","Moist Douglas fir forest at various elevations, usually with madrone (“laurel”). May include ponderosa pine, black oak, live oak, bigleaf maple, and Pacific yew.  Understory may contain chinquapin, dogwood, hazel.","Moist PSME-ARME, PIPO, HW",S10,-123.109549880000003,42.144178730000000
Ashland Watershed,AW,ASH0,PSME,Cool,916706.0625000,923,Douglas-fir - Dry,Mid Slope,465.200012207031250,440.399993896484375,54.785400390625000,606.839965820312500,704,65.581016540527344,0.099538221623840, ,916706.062500000000000,0.1000000,3027,AW69,PSME/DRY SHRUB,Ponderosa pine,"Closed forest, upland","Low to mid-elevation xeric sugar pine-ponderosa pine-Douglas fir forest, usually with madrone and black oak.  Most common on south aspects with pine as dominant, but may occur on north aspects with Douglas fir as dominant.  Soils often granitic.","Xeric PILA, PIPO, PSME, HW",A07,-122.708995490000007,42.165784510000002
Ashland Watershed,AW,ASH1,ABCO,Cool,874518.6250000,1047,Douglas-fir - Dry,Mid Slope,485.299987792968750,448.899993896484375,58.360004425048828,601.409973144531250,713,65.985481262207031,0.099538221644672, ,874518.625000000000000,0.1000000,3434,AW70,PSME/HODI/WHMO-SWO,Ponderosa pine,"Closed forest, upland",Low to mid-elevation xeric Douglas fir-mixed hardwood forest.  Ponderosa pine and hardwoods are codominant or secondary.  Mid- or late-successional stands where hardwood trees and pine are being replaced by Douglas fir.,Xeric PSME-hardwood,A16,-122.704544670000004,42.153499770000003
Ashland Watershed,AW,ASH2,PSME,Warm,1166229.2500000,989,Douglas-fir - Dry,Mid Slope,469.299987792968750,436.399993896484375,55.521526336669922,616.539978027343750,712,66.517982482910156,0.099538221623840, ,1166229.250000000000000,0.1000000,3244,AW71,PSME-PIPO/RHDI6,Douglas fir,"Closed forest, upland","Low to mid-elevation xeric sugar pine-ponderosa pine-Douglas fir forest, usually with madrone and black oak.  Most common on south aspects with pine as dominant, but may occur on north aspects with Douglas fir as dominant.  Soils often granitic.","Xeric PILA, PIPO, PSME, HW",A08,-122.700368830000002,42.164894169999997
Ashland Watershed,AW,ASH3,PSME,Warm,1446991.5000000,1167,Douglas-fir - Dry,Ridge Top,465.200012207031250,440.399993896484375,54.785400390625000,606.839965820312500,704,65.581016540527344,0.099538221623840, ,1446991.500000000000000,0.1000000,3828,AW72,PSME-PIPO/RHDI6,Ponderosa pine,"Closed forest, upland","Low to mid-elevation xeric sugar pine-ponderosa pine-Douglas fir forest, usually with madrone and black oak.  Most common on south aspects with pine as dominant, but may occur on north aspects with Douglas fir as dominant.  Soils often granitic.","Xeric PILA, PIPO, PSME, HW",A11,-122.703848399999998,42.158509309999999
Ashland Watershed,AW,ASH4,PSME,Warm,1284636.7500000,1032,Douglas-fir - Dry,Mid Slope,471.899993896484375,429.000000000000000,55.892753601074219,571.780029296875000,679,68.609489440917969,0.099538221623840, ,1284636.750000000000000,0.1000000,3385,AW73,PSME-PIPO/RHDI6,Ponderosa pine,"Closed forest, upland","Low to mid-elevation xeric sugar pine-ponderosa pine-Douglas fir forest, usually with madrone and black oak.  Most common on south aspects with pine as dominant, but may occur on north aspects with Douglas fir as dominant.  Soils often granitic.","Xeric PILA, PIPO, PSME, HW",A12,-122.700044680000005,42.156914759999999
Ashland Watershed,AW,ASH5,PSME,Warm,1302599.1250000,1153,Douglas-fir - Dry,Mid Slope,475.600006103515625,437.700012207031250,52.371845245361328,569.000000000000000,671,67.580680847167969,0.099538221644672, ,1302599.125000000000000,0.1000000,3782,AW74,PSME-PIPO/RHDI6,Douglas fir,"Closed forest, upland",Low to mid-elevation xeric Douglas fir-mixed hardwood forest.  Ponderosa pine and hardwoods are codominant or secondary.  Mid- or late-successional stands where hardwood trees and pine are being replaced by Douglas fir.,Xeric PSME-hardwood,A20,-122.685820359999994,42.148119340000001
Ashland Watershed,AW,ASH6,PSME,Warm,1355113.0000000,1212,Douglas-fir - Dry,Ridge Top,471.899993896484375,429.000000000000000,55.892753601074219,571.780029296875000,679,68.609489440917969,0.099538221623840, ,1355113.000000000000000,0.1000000,3975,AW75,PSME-PIPO/RHDI6,Ponderosa pine,"Closed forest, upland",Low to mid-elevation xeric Douglas fir-mixed hardwood forest.  Ponderosa pine and hardwoods are codominant or secondary.  Mid- or late-successional stands where hardwood trees and pine are being replaced by Douglas fir.,Xeric PSME-hardwood,A18,-122.699012850000003,42.149496669999998
Ashland Watershed,AW,ASH7,ABCO,Cool,980766.1250000,1551,White fir - Cool,Bottom Slope,467.100006103515625,417.000000000000000,74.975997924804688,385.500000000000000,518,69.029724121093750,0.099538221644672, ,980766.125000000000000,0.1000000,5087,AW76,ABCO-ABMAS/CHUM-ANDE3,Douglas fir,,,,A58,-122.736059990000001,42.108238530000001
Ashland Watershed,AW,ASH8,ABCO,Warm,1321314.3750000,954,Douglas-fir - Dry,Ridge Top,464.600006103515625,434.899993896484375,53.991573333740234,652.559997558593750,725,62.975093841552734,0.099538221644672, ,1321314.375000000000000,0.1000000,3129,AW77,PSME-PIPO/RHDI6,Douglas fir,"Closed forest, upland","Low to mid-elevation xeric sugar pine-ponderosa pine-Douglas fir forest, usually with madrone and black oak.  Most common on south aspects with pine as dominant, but may occur on north aspects with Douglas fir as dominant.  Soils often granitic.","Xeric PILA, PIPO, PSME, HW",A04,-122.704300050000001,42.169534929999998
Big Butte Creek,BB,BB01,PSME,Warm,1170325.8750000,671,Douglas-fir - Dry,Mid Slope,529.599975585937500,479.200012207031250,68.924308776855469,636.000000000000000,725,80.404304504394531,0.099538221644672, ,1170325.875000000000000,0.1000000,2201,BB01,PSME/HODI/WHMO-SWO,Douglas fir,"Closed forest, upland",Low to mid-elevation xeric Douglas fir-mixed hardwood forest.  Ponderosa pine and hardwoods are codominant or secondary.  Mid- or late-successional stands where hardwood trees and pine are being replaced by Douglas fir.,Xeric PSME-hardwood,B01,-122.686361959999999,42.560049499999998
Big Butte Creek,BB,BB10,PSME,Cool,1092673.0000000,758,Douglas-fir - Dry,Mid Slope,533.599975585937500,470.399993896484375,75.024261474609375,528.059997558593750,654,76.193862915039062,0.099538221623840, ,1092673.000000000000000,0.1000000,2486,BB10,PSME-PIPO/RHDI6,Douglas fir,"Closed forest, upland",Low to mid-elevation xeric Douglas fir-mixed hardwood forest.  Ponderosa pine and hardwoods are codominant or secondary.  Mid- or late-successional stands where hardwood trees and pine are being replaced by Douglas fir.,Xeric PSME-hardwood,B10,-122.686425029999995,42.553836949999997
Big Butte Creek,BB,BB06,PSME,Warm,1196786.3750000,714,Douglas-fir - Dry,Mid Slope,525.299987792968750,462.200012207031250,72.663330078125000,512.359985351562500,642,72.388183593750000,0.099538221623840, ,1196786.375000000000000,0.1000000,2342,BB06,PSME-PIPO/RHDI6,Douglas fir,"Closed forest, upland",Low to mid-elevation xeric Douglas fir-mixed hardwood forest.  Ponderosa pine and hardwoods are codominant or secondary.  Mid- or late-successional stands where hardwood trees and pine are being replaced by Douglas fir.,Xeric PSME-hardwood,B06,-122.685518160000001,42.556633730000001
Big Butte Creek,BB,BB08,PSME,Warm,1154701.7500000,747,Douglas-fir - Dry,Mid Slope,525.299987792968750,462.200012207031250,72.663330078125000,512.359985351562500,642,72.388183593750000,0.099538221644672, ,1154701.750000000000000,0.1000000,2450,BB08,PSME/DRY SHRUB,Douglas fir,"Closed forest, upland",Low to mid-elevation xeric Douglas fir-mixed hardwood forest.  Ponderosa pine and hardwoods are codominant or secondary.  Mid- or late-successional stands where hardwood trees and pine are being replaced by Douglas fir.,Xeric PSME-hardwood,B08,-122.683424270000003,42.555167650000001
Big Butte Creek,BB,BB03,PSME,Warm,1187062.7500000,693,Douglas-fir - Dry,Mid Slope,528.500000000000000,479.799987792968750,70.540481567382812,604.190002441406250,705,78.557701110839844,0.096281594165123, ,1187062.750000000000000,0.1000000,2273,BB03,PSME-PIPO/RHDI6,Douglas fir,"Closed forest, upland",Low to mid-elevation xeric Douglas fir-mixed hardwood forest.  Ponderosa pine and hardwoods are codominant or secondary.  Mid- or late-successional stands where hardwood trees and pine are being replaced by Douglas fir.,Xeric PSME-hardwood,B03,-122.684676769999996,42.558349659999998
Big Butte Creek,BB,BB03,PSME,Warm,1187062.7500000,693,Douglas-fir - Dry,Mid Slope,528.500000000000000,479.799987792968750,70.540481567382812,604.190002441406250,705,78.557701110839844,0.003252987382560, ,1187062.750000000000000,0.1000000,2273,BB03,PSME-PIPO/RHDI6,Douglas fir,"Closed forest, upland",Low to mid-elevation xeric Douglas fir-mixed hardwood forest.  Ponderosa pine and hardwoods are codominant or secondary.  Mid- or late-successional stands where hardwood trees and pine are being replaced by Douglas fir.,Xeric PSME-hardwood,B03,-122.684676769999996,42.558349659999998
Big Butte Creek,BB,BB09,PSME,Warm,1139190.0000000,761,Douglas-fir - Dry,Mid Slope,525.299987792968750,462.200012207031250,72.663330078125000,512.359985351562500,642,72.388183593750000,0.099538221644672, ,1139190.000000000000000,0.1000000,2496,BB09,PSME-PIPO/RHDI6,Douglas fir,"Closed forest, upland",Low to mid-elevation xeric Douglas fir-mixed hardwood forest.  Ponderosa pine and hardwoods are codominant or secondary.  Mid- or late-successional stands where hardwood trees and pine are being replaced by Douglas fir.,Xeric PSME-hardwood,B09,-122.682650199999998,42.554439539999997
Big Butte Creek,BB,BB05,PSME,Warm,1165521.6250000,708,Douglas-fir - Dry,Mid Slope,525.299987792968750,462.200012207031250,72.663330078125000,512.359985351562500,642,72.388183593750000,0.099538221644672, ,1165521.625000000000000,0.1000000,2322,BB05,PSME-PIPO/RHDI6,Douglas fir,"Closed forest, upland",Low to mid-elevation xeric Douglas fir-mixed hardwood forest.  Ponderosa pine and hardwoods are codominant or secondary.  Mid- or late-successional stands where hardwood trees and pine are being replaced by Douglas fir.,Xeric PSME-hardwood,B05,-122.685378209999996,42.557462690000001
Big Butte Creek,BB,BB04,PSME,Cool,1112929.8750000,728,Douglas-fir - Dry,Mid Slope,528.500000000000000,479.799987792968750,70.540481567382812,604.190002441406250,705,78.557701110839844,0.099538221623840, ,1112929.875000000000000,0.1000000,2388,BB04,PSME-PIPO/RHDI6,Douglas fir,"Closed forest, upland",Low to mid-elevation xeric Douglas fir-mixed hardwood forest.  Ponderosa pine and hardwoods are codominant or secondary.  Mid- or late-successional stands where hardwood trees and pine are being replaced by Douglas fir.,Xeric PSME-hardwood,B04,-122.682937019999997,42.558361419999997
Big Butte Creek,BB,BB02,PSME,Cool,1086339.8750000,656,Douglas-fir - Dry,Mid Slope,529.599975585937500,479.200012207031250,68.924308776855469,636.000000000000000,725,80.404304504394531,0.099538221644672, ,1086339.875000000000000,0.1000000,2152,BB02,PSME/DRY SHRUB,Douglas fir,"Closed forest, upland",Low to mid-elevation xeric Douglas fir-mixed hardwood forest.  Ponderosa pine and hardwoods are codominant or secondary.  Mid- or late-successional stands where hardwood trees and pine are being replaced by Douglas fir.,Xeric PSME-hardwood,B02,-122.689960749999997,42.558895319999998
Big Butte Creek,BB,BB07,PSME,Warm,1187237.8750000,726,Douglas-fir - Dry,Mid Slope,525.299987792968750,462.200012207031250,72.663330078125000,512.359985351562500,642,72.388183593750000,0.099538221644672, ,1187237.875000000000000,0.1000000,2381,BB07,PSME-PIPO/RHDI6,Douglas fir,"Closed forest, upland",Low to mid-elevation xeric Douglas fir-mixed hardwood forest.  Ponderosa pine and hardwoods are codominant or secondary.  Mid- or late-successional stands where hardwood trees and pine are being replaced by Douglas fir.,Xeric PSME-hardwood,B07,-122.684793760000005,42.555755009999999
Emigrant Creek,EM,EM02,PSME,Warm,1139934.8750000,1147,Douglas-fir - Dry,Ridge Top,455.000000000000000,423.600006103515625,58.825504302978516,634.250000000000000,723,65.759552001953125,0.099538221644672, ,1139934.875000000000000,0.1000000,3762,EM02,PSME-PIPO/RHDI6,Douglas fir,"Closed forest, upland","Low to mid-elevation xeric mixed hardwood-ponderosa pine forest with Douglas fir.  Black oak, white oak, and madrone (""laurel"") usually present, sometimes with minor amounts of incense cedar.",Xeric harwood-PIPO w PSME,M02,-122.547434120000005,42.089786599999996
Emigrant Creek,EM,EM04,QUGA,Cool,1088779.3750000,1067,Douglas-fir - Dry,Mid Slope,455.000000000000000,423.600006103515625,58.825504302978516,634.250000000000000,723,65.759552001953125,0.099538221623840, ,1088779.375000000000000,0.1000000,3500,EM04,PSME-PIPO/RHDI6,Douglas fir,"Closed forest, upland","Low to mid-elevation xeric mixed hardwood-ponderosa pine forest with Douglas fir.  Black oak, white oak, and madrone (""laurel"") usually present, sometimes with minor amounts of incense cedar.",Xeric harwood-PIPO w PSME,M04,-122.544798470000003,42.090605449999998
Emigrant Creek,EM,EM01,QUGA,Warm,1258743.6250000,1176,White fir - Intermediate,Mid Slope,455.000000000000000,423.600006103515625,58.825504302978516,634.250000000000000,723,65.759552001953125,0.099538221644672, ,1258743.625000000000000,0.1000000,3857,EM01,PSME-ABCO,Douglas fir,"Closed forest, upland","Low to mid-elevation xeric mixed hardwood-ponderosa pine forest with Douglas fir.  Black oak, white oak, and madrone (""laurel"") usually present, sometimes with minor amounts of incense cedar.",Xeric harwood-PIPO w PSME,M01,-122.547695140000002,42.088171969999998
Emigrant Creek,EM,EM06,QUGA,Warm,1132866.1250000,1044,Douglas-fir - Dry,Mid Slope,456.100006103515625,421.700012207031250,53.957481384277344,670.380004882812500,755,62.726791381835938,0.099538221644672, ,1132866.125000000000000,0.1000000,3424,EM06,PSME-PIPO/RHDI6,Douglas fir,"Closed forest, upland","Low to mid-elevation xeric mixed hardwood-ponderosa pine forest with Douglas fir.  Black oak, white oak, and madrone (""laurel"") usually present, sometimes with minor amounts of incense cedar.",Xeric harwood-PIPO w PSME,M06,-122.542160620000004,42.089050790000002
Emigrant Creek,EM,EM05,QUGA,Cool,1055843.8750000,1018,Douglas-fir - Dry,Mid Slope,456.100006103515625,421.700012207031250,53.957481384277344,670.380004882812500,755,62.726791381835938,0.099538221644672, ,1055843.875000000000000,0.1000000,3339,EM05,PSME/DRY SHRUB,Douglas fir,"Closed forest, upland","Low to mid-elevation xeric mixed hardwood-ponderosa pine forest with Douglas fir.  Black oak, white oak, and madrone (""laurel"") usually present, sometimes with minor amounts of incense cedar.",Xeric harwood-PIPO w PSME,M05,-122.542721880000002,42.091083320000003
Emigrant Creek,EM,EM09,QUGA,Cool,1105305.1250000,956,Douglas-fir - Dry,Mid Slope,456.100006103515625,421.700012207031250,53.957481384277344,670.380004882812500,755,62.726791381835938,0.099538221623840, ,1105305.125000000000000,0.1000000,3136,EM09,PSME/DRY SHRUB,Oak-madrone,"Closed forest, upland","Low to mid-elevation xeric mixed hardwood-ponderosa pine forest with Douglas fir.  Black oak, white oak, and madrone (""laurel"") usually present, sometimes with minor amounts of incense cedar.",Xeric harwood-PIPO w PSME,M09,-122.538231600000003,42.090865170000001
Emigrant Creek,EM,EM08,PSME,Warm,1195016.2500000,1030,Douglas-fir - Dry,Mid Slope,456.100006103515625,421.700012207031250,53.957481384277344,670.380004882812500,755,62.726791381835938,0.099538221644672, ,1195016.250000000000000,0.1000000,3378,EM08,PSME-PIPO/RHDI6,Oak-madrone,"Closed forest, upland","Low to mid-elevation xeric mixed hardwood-ponderosa pine forest with Douglas fir.  Black oak, white oak, and madrone (""laurel"") usually present, sometimes with minor amounts of incense cedar.",Xeric harwood-PIPO w PSME,M08,-122.540247429999994,42.088170970000000
Emigrant Creek,EM,EM07,QUGA,Warm,1178808.6250000,1019,Douglas-fir - Dry,Mid Slope,456.100006103515625,421.700012207031250,53.957481384277344,670.380004882812500,755,62.726791381835938,0.099538221644672, ,1178808.625000000000000,0.1000000,3342,EM07,PSME/DRY SHRUB,Douglas fir,"Closed forest, upland","Low to mid-elevation xeric mixed hardwood-ponderosa pine forest with Douglas fir.  Black oak, white oak, and madrone (""laurel"") usually present, sometimes with minor amounts of incense cedar.",Xeric harwood-PIPO w PSME,M07,-122.541786450000004,42.090364700000002
Emigrant Creek,EM,EM10,QUGA,Warm,1206489.7500000,947,Douglas-fir - Dry,Mid Slope,456.100006103515625,421.700012207031250,53.957481384277344,670.380004882812500,755,62.726791381835938,0.099538221644672, ,1206489.750000000000000,0.1000000,3106,EM10,PSME-PIPO/RHDI6,Oak-madrone,"Closed forest, upland","Low to mid-elevation xeric mixed hardwood-ponderosa pine forest with Douglas fir.  Black oak, white oak, and madrone (""laurel"") usually present, sometimes with minor amounts of incense cedar.",Xeric harwood-PIPO w PSME,M10,-122.536533309999996,42.089471430000003
Emigrant Creek,EM,EM03,QUGA,Warm,1231680.3750000,1140,White fir - Intermediate,Mid Slope,455.000000000000000,423.600006103515625,58.825504302978516,634.250000000000000,723,65.759552001953125,0.099538221644672, ,1231680.375000000000000,0.1000000,3739,EM03,PSME-ABCO,Douglas fir,"Closed forest, upland","Low to mid-elevation xeric mixed hardwood-ponderosa pine forest with Douglas fir.  Black oak, white oak, and madrone (""laurel"") usually present, sometimes with minor amounts of incense cedar.",Xeric harwood-PIPO w PSME,M03,-122.546060740000001,42.088565860000003
Evans Creek,EV,MC01,ABCO,Cool,1048722.7500000,942,Douglas-fir - Dry,Ridge Top,495.100006103515625,467.200012207031250,66.338226318359375,542.150024414062500,625,70.442642211914062,0.099538221623840, ,1048722.750000000000000,0.1000000,3090,EV01,PSME-CADE27/BEPI2,Mixed conifer,"Closed forest, upland",Low to mid-elevation xeric Douglas fir-mixed hardwood forest.  Ponderosa pine and hardwoods are codominant or secondary.  Mid- or late-successional stands where hardwood trees and pine are being replaced by Douglas fir.,Xeric PSME-hardwood,V01,-122.974844279999999,42.650746640000001
Evans Creek,EV,MC02,ABCO,Warm,1188335.8750000,916,Douglas-fir - Dry,Ridge Top,495.100006103515625,467.200012207031250,66.338226318359375,542.150024414062500,625,70.442642211914062,0.099538221644672, ,1188335.875000000000000,0.1000000,3004,EV02,PSME-CADE27/BEPI2,Mixed conifer,"Closed forest, upland",Low to mid-elevation xeric Douglas fir-mixed hardwood forest.  Ponderosa pine and hardwoods are codominant or secondary.  Mid- or late-successional stands where hardwood trees and pine are being replaced by Douglas fir.,Xeric PSME-hardwood,V02,-122.973824320000006,42.650650779999999
Evans Creek,EV,MC04,TSHE,Cool,914412.1875000,887,White fir - Intermediate,Mid Slope,497.000000000000000,464.700012207031250,66.897010803222656,544.260009765625000,627,71.179534912109375,0.099538221644672, ,914412.187500000000000,0.1000000,2909,EV04,ABCO/BENE2/ACTR,Ponderosa pine,"Closed forest, upland",Low to mid-elevation xeric Douglas fir-mixed hardwood forest.  Ponderosa pine and hardwoods are codominant or secondary.  Mid- or late-successional stands where hardwood trees and pine are being replaced by Douglas fir.,Xeric PSME-hardwood,V04,-122.973248179999999,42.648657700000001
Evans Creek,EV,MC03,ABCO,Warm,1212809.1250000,829,Douglas-fir - Dry,Mid Slope,495.100006103515625,467.200012207031250,66.338226318359375,542.150024414062500,625,70.442642211914062,0.099538221644672, ,1212809.125000000000000,0.1000000,2719,EV03,PSME-CADE27/BEPI2,Mixed conifer,"Closed forest, upland",Low to mid-elevation xeric Douglas fir-mixed hardwood forest.  Ponderosa pine and hardwoods are codominant or secondary.  Mid- or late-successional stands where hardwood trees and pine are being replaced by Douglas fir.,Xeric PSME-hardwood,V03,-122.971919810000003,42.650465529999998
Evans Creek,EV,MC07,ABCO,Warm,1243669.8750000,928,Douglas-fir - Dry,Ridge Top,497.000000000000000,464.700012207031250,66.897010803222656,544.260009765625000,627,71.179534912109375,0.099538221644672, ,1243669.875000000000000,0.1000000,3044,EV07,PSME-CADE27/BEPI2,Ponderosa pine,"Closed forest, upland",Low to mid-elevation xeric Douglas fir-mixed hardwood forest.  Ponderosa pine and hardwoods are codominant or secondary.  Mid- or late-successional stands where hardwood trees and pine are being replaced by Douglas fir.,Xeric PSME-hardwood,V07,-122.972962170000002,42.645871159999999
Evans Creek,EV,MC05,ABCO,Cool,1042004.9375000,805,Douglas-fir - Dry,Mid Slope,497.000000000000000,464.700012207031250,66.897010803222656,544.260009765625000,627,71.179534912109375,0.099538221644672, ,1042004.937500000000000,0.1000000,2640,EV05,PSME-CADE27/BEPI2,Ponderosa pine,"Closed forest, upland",Low to mid-elevation xeric Douglas fir-mixed hardwood forest.  Ponderosa pine and hardwoods are codominant or secondary.  Mid- or late-successional stands where hardwood trees and pine are being replaced by Douglas fir.,Xeric PSME-hardwood,V05,-122.970604039999998,42.648158039999998
Evans Creek,EV,MC08,PSME,Warm,1407036.2500000,949,White fir - Intermediate,Mid Slope,497.000000000000000,464.700012207031250,66.897010803222656,544.260009765625000,627,71.179534912109375,0.099538221623840, ,1407036.250000000000000,0.1000000,3113,EV08,PSME-ABCO,Ponderosa pine,"Closed forest, upland",Low to mid-elevation xeric Douglas fir-mixed hardwood forest.  Ponderosa pine and hardwoods are codominant or secondary.  Mid- or late-successional stands where hardwood trees and pine are being replaced by Douglas fir.,Xeric PSME-hardwood,V08,-122.974762260000006,42.645250429999997
Evans Creek,EV,MC06,ABCO,Warm,1370136.8750000,988,Douglas-fir - Dry,Ridge Top,497.000000000000000,464.700012207031250,66.897010803222656,544.260009765625000,627,71.179534912109375,0.002353239292438, ,1370136.875000000000000,0.1000000,3241,EV06,PSME-CADE27/BEPI2,Ponderosa pine,"Closed forest, upland",Low to mid-elevation xeric Douglas fir-mixed hardwood forest.  Ponderosa pine and hardwoods are codominant or secondary.  Mid- or late-successional stands where hardwood trees and pine are being replaced by Douglas fir.,Xeric PSME-hardwood,V06,-122.974349730000000,42.646372919999997
Evans Creek,EV,MC06,ABCO,Warm,1370136.8750000,988,Douglas-fir - Dry,Ridge Top,497.000000000000000,464.700012207031250,66.897010803222656,544.260009765625000,627,71.179534912109375,0.097180145138837, ,1370136.875000000000000,0.1000000,3241,EV06,PSME-CADE27/BEPI2,Ponderosa pine,"Closed forest, upland",Low to mid-elevation xeric Douglas fir-mixed hardwood forest.  Ponderosa pine and hardwoods are codominant or secondary.  Mid- or late-successional stands where hardwood trees and pine are being replaced by Douglas fir.,Xeric PSME-hardwood,V06,-122.974349730000000,42.646372919999997
Evans Creek,EV,MC09,ABCO,Warm,1356551.2500000,878,Douglas-fir - Dry,Ridge Top,497.000000000000000,464.700012207031250,66.897010803222656,544.260009765625000,627,71.179534912109375,0.099538221623840, ,1356551.250000000000000,0.1000000,2880,EV09,PSME-CADE27/BEPI2,Ponderosa pine,"Closed forest, upland",Low to mid-elevation xeric Douglas fir-mixed hardwood forest.  Ponderosa pine and hardwoods are codominant or secondary.  Mid- or late-successional stands where hardwood trees and pine are being replaced by Douglas fir.,Xeric PSME-hardwood,V09,-122.972333730000003,42.644236440000000
Evans Creek,EV,MC10,TSHE,Warm,1338952.5000000,900,Douglas-fir - Dry,Mid Slope,497.000000000000000,464.700012207031250,66.897010803222656,544.260009765625000,627,71.179534912109375,0.099538221623840, ,1338952.500000000000000,0.1000000,2952,EV10,PSME-CADE27/BEPI2,Ponderosa pine,"Closed forest, upland",Low to mid-elevation xeric Douglas fir-mixed hardwood forest.  Ponderosa pine and hardwoods are codominant or secondary.  Mid- or late-successional stands where hardwood trees and pine are being replaced by Douglas fir.,Xeric PSME-hardwood,V10,-122.974730109999996,42.643615160000003
Trail Creek,TL,TC10,QUGA,Warm,1163660.2500000,624,Douglas-fir - Dry,Mid Slope,460.200012207031250,413.899993896484375,59.939052581787109,703.559997558593750,788,71.708465576171875,0.099538221644672, ,1163660.250000000000000,0.1000000,2047,TL10,PSME/DRY SHRUB,Douglas fir,,,,C11,-122.849611479999993,42.694870010000002
Trail Creek,TL,TC06,PSME,Cool,1113031.6250000,654,Douglas-fir - Dry,Mid Slope,466.600006103515625,431.399993896484375,62.480716705322266,682.299987792968750,760,74.692779541015625,0.099538221644672, ,1113031.625000000000000,0.1000000,2145,TL06,PSME-PIPO/RHDI6,Mixed conifer,,,,C06,-122.849512090000005,42.700857560000003
Trail Creek,TL,TC04,PSME,Warm,1201549.2500000,631,Douglas-fir - Dry,Mid Slope,466.600006103515625,431.399993896484375,62.480716705322266,682.299987792968750,760,74.692779541015625,0.099538221644672, ,1201549.250000000000000,0.1000000,2070,TL04,PSME/HODI/WHMO-SWO,Mixed conifer,,,,C04,-122.849166679999996,42.706111170000000
Trail Creek,TL,TC08,PSME,Warm,1356505.8750000,698,Douglas-fir - Dry,Ridge Top,460.200012207031250,413.899993896484375,59.939052581787109,703.559997558593750,788,71.708465576171875,0.099538221623840, ,1356505.875000000000000,0.1000000,2289,TL08,PSME-PIPO/RHDI6,Douglas fir,,,,C08,-122.851749490000003,42.698898239999998
Trail Creek,TL,TC07,PSME,Warm,1228137.3750000,650,Douglas-fir - Dry,Mid Slope,466.600006103515625,431.399993896484375,62.480716705322266,682.299987792968750,760,74.692779541015625,0.099538221644672, ,1228137.375000000000000,0.1000000,2132,TL07,PSME-PIPO/RHDI6,Mixed conifer,,,,C07,-122.847971229999999,42.699717380000003
Trail Creek,TL,TC03,PSME,Warm,1265405.0000000,648,Douglas-fir - Dry,Mid Slope,478.700012207031250,446.000000000000000,66.027267456054688,664.849975585937500,744,78.278053283691406,0.099538221623840, ,1265405.000000000000000,0.1000000,2125,TL03,PSME-PIPO/RHDI6,Mixed conifer,,,,C03,-122.847662189999994,42.708120059999999
Trail Creek,TL,TC02,PSME,Warm,1337170.1250000,673,Douglas-fir - Dry,Mid Slope,478.700012207031250,446.000000000000000,66.027267456054688,664.849975585937500,744,78.278053283691406,0.099538221623840, ,1337170.125000000000000,0.1000000,2207,TL02,PSME/DRY SHRUB,Mixed conifer,,,,C02,-122.851831980000000,42.708352269999999
Trail Creek,TL,TC05,PSME,Warm,1247357.8750000,599,Douglas-fir - Dry,Mid Slope,466.600006103515625,431.399993896484375,62.480716705322266,682.299987792968750,760,74.692779541015625,0.099538221644672, ,1247357.875000000000000,0.1000000,1965,TL05,PSME-PIPO/RHDI6,Mixed conifer,,,,C05,-122.845808439999999,42.703159059999997
Trail Creek,TL,TC09,PSME,Cool,1073920.3750000,713,Douglas-fir - Dry,Ridge Top,502.399993896484375,464.799987792968750,75.854858398437500,628.760009765625000,718,81.872360229492188,0.099538221644672, ,1073920.375000000000000,0.1000000,2339,TL09,PSME/HODI/WHMO-SWO,Douglas fir,,,,C09,-122.853975239999997,42.701534170000002
Trail Creek,TL,TC01,PSME,Warm,1208588.0000000,687,Ponderosa pine - Dry,Mid Slope,521.900024414062500,484.100006103515625,75.315933227539062,611.140014648437500,699,81.072586059570312,0.099538221623840, ,1208588.000000000000000,0.1000000,2253,TL01,PIPO-PSME,Mixed conifer,,,,C01,-122.854786820000001,42.707832670000002
Trail Creek,TL,TC09b,PSME,Cool,1086468.6250000,649,Douglas-fir - Dry,Bottom Slope,499.700012207031250,451.700012207031250,67.458206176757812,657.809997558593750,745,79.357292175292969,0.099538221644672, ,1086468.625000000000000,0.1000000,2129,TL11,PSME/DRY SHRUB,Douglas fir,,,,C10,-122.854323780000001,42.695757770000000
Elliott Ridge,ET,SL01,PSME,Warm,1437220.7500000,1313,,Mid Slope,525.700012207031250,465.100006103515625,75.738296508789062,567.209960937500000,696,73.635261535644531,0.099538221623840, ,1437220.750000000000000,0.1000000,4307,ET01,,Ponderosa pine,,,,L01,-123.020777289999998,42.010698130000002
Elliott Ridge,ET,SL02,PSME,Warm,1452497.8750000,1334,,Mid Slope,525.700012207031250,465.100006103515625,75.738296508789062,567.209960937500000,696,73.635261535644531,0.099538221644672, ,1452497.875000000000000,0.1000000,4376,ET02,,Ponderosa pine,,,,L02,-123.021706699999996,42.011350929999999
Elliott Ridge,ET,SL03,PSME,Warm,1441828.2500000,1305,,Mid Slope,522.200012207031250,465.799987792968750,75.230049133300781,577.450012207031250,712,74.810646057128906,0.099538221644672, ,1441828.250000000000000,0.1000000,4280,ET03,,Ponderosa pine,,,,L03,-123.034167550000006,42.011727100000002
Elliott Ridge,ET,SL04,ABCO,Warm,1501024.6250000,1360,,Mid Slope,522.200012207031250,465.799987792968750,75.230049133300781,577.450012207031250,712,74.810646057128906,0.099538221644672, ,1501024.625000000000000,0.1000000,4461,ET04,,Ponderosa pine,,,,L04,-123.032115039999994,42.012317330000002
Elliott Ridge,ET,SL05,PSME,Warm,1498318.5000000,1407,,Mid Slope,484.299987792968750,435.100006103515625,71.546417236328125,517.530029296875000,638,66.857345581054688,0.099538221644672, ,1498318.500000000000000,0.1000000,4615,ET05,,Ponderosa pine,,,,L05,-123.019211310000003,42.012375749999997
Elliott Ridge,ET,SL06,PSME,Warm,1414166.8750000,1425,,Mid Slope,484.299987792968750,435.100006103515625,71.546417236328125,517.530029296875000,638,66.857345581054688,0.099538221623840, ,1414166.875000000000000,0.1000000,4674,ET06,,Ponderosa pine,,,,L06,-123.018043399999996,42.012397929999999
Elliott Ridge,ET,SL07,PSME,Warm,1407186.2500000,1465,,Ridge Top,525.700012207031250,465.100006103515625,75.738296508789062,567.209960937500000,696,73.635261535644531,0.099538221623840, ,1407186.250000000000000,0.1000000,4805,ET07,,Ponderosa pine,,,,L07,-123.021799970000004,42.014268800000004
Elder Creek,ED,HC01,PIJE,Warm,1373326.3750000,799,,Mid Slope,609.900024414062500,577.299987792968750,84.444122314453125,632.029968261718750,730,93.673591613769531,0.099538221623840, ,1373326.375000000000000,0.1000000,2621,ED01,,Ponderosa pine,,,,E01,-123.568980850000003,42.052233999999999
Elder Creek,ED,HC02,PSME,Warm,1311220.8750000,856,,Mid Slope,609.900024414062500,577.299987792968750,84.444122314453125,632.029968261718750,730,93.673591613769531,0.099538221623840, ,1311220.875000000000000,0.1000000,2808,ED02,,Ponderosa pine,,,,E02,-123.567142070000003,42.053466159999999
Elder Creek,ED,HC03,PSME,Warm,1382142.5000000,895,,Mid Slope,609.900024414062500,577.299987792968750,84.444122314453125,632.029968261718750,730,93.673591613769531,0.099538221623840, ,1382142.500000000000000,0.1000000,2936,ED03,,Ponderosa pine,,,,E03,-123.564389329999997,42.053657700000002
Elder Creek,ED,HC04,PIJE,Warm,1352875.0000000,995,,Ridge Top,609.900024414062500,577.299987792968750,84.444122314453125,632.029968261718750,730,93.673591613769531,0.099538221644672, ,1352875.000000000000000,0.1000000,3264,ED04,,Ponderosa pine,,,,E04,-123.565002079999999,42.056657930000000
Elder Creek,ED,HC05,PSME,Warm,1370669.8750000,1047,,Mid Slope,566.700012207031250,531.099975585937500,94.456817626953125,581.890014648437500,673,88.677841186523438,0.099538221644672, ,1370669.875000000000000,0.1000000,3434,ED05,,Ponderosa pine,,,,E05,-123.560670169999995,42.058313570000003
Elder Creek,ED,HC06,PIJE,Warm,1394763.1250000,996,,Mid Slope,592.700012207031250,555.599975585937500,93.336166381835938,626.669982910156250,718,90.338012695312500,0.099538221644672, ,1394763.125000000000000,0.1000000,3267,ED06,,Ponderosa pine,,,,E06,-123.566012340000000,42.058873490000003
Elder Creek,ED,HC07,PIJE,Warm,1404855.3750000,980,,Ridge Top,592.700012207031250,555.599975585937500,93.336166381835938,626.669982910156250,718,90.338012695312500,0.099538221623840, ,1404855.375000000000000,0.1000000,3214,ED07,,Ponderosa pine,,,,E07,-123.569000630000005,42.059120579999998
Star Gulch,ST,SG01,PSME,Warm,1401615.8750000,974,,Mid Slope,573.099975585937500,499.600006103515625,74.216171264648438,643.200012207031250,762,77.799728393554688,0.099538221623840, ,1401615.875000000000000,0.1000000,3195,ST01,,Douglas fir,"Closed forest, upland","Moist Douglas fir forest at various elevations, usually with madrone (“laurel”). May include ponderosa pine, black oak, live oak, bigleaf maple, and Pacific yew.  Understory may contain chinquapin, dogwood, hazel.","Moist PSME-ARME, PIPO, HW",S01,-123.108788809999993,42.142650019999998
Star Gulch,ST,SG02,PSME,Warm,1372036.7500000,937,,Mid Slope,573.099975585937500,499.600006103515625,74.216171264648438,643.200012207031250,762,77.799728393554688,0.099538221623840, ,1372036.750000000000000,0.1000000,3073,ST02,,Douglas fir,"Closed forest, upland","Moist Douglas fir forest at various elevations, usually with madrone (“laurel”). May include ponderosa pine, black oak, live oak, bigleaf maple, and Pacific yew.  Understory may contain chinquapin, dogwood, hazel.","Moist PSME-ARME, PIPO, HW",S02,-123.106766059999998,42.142758980000004
Star Gulch,ST,SG03,PSME,Warm,1442915.0000000,1128,,Ridge Top,542.299987792968750,479.700012207031250,78.341621398925781,595.479980468750000,707,79.470458984375000,0.099538221623840, ,1442915.000000000000000,0.1000000,3700,ST03,,Douglas fir,"Closed forest, upland","Moist Douglas fir forest at various elevations, usually with madrone (“laurel”). May include ponderosa pine, black oak, live oak, bigleaf maple, and Pacific yew.  Understory may contain chinquapin, dogwood, hazel.","Moist PSME-ARME, PIPO, HW",S03,-123.114555289999998,42.144101399999997
Star Gulch,ST,SG04,PSME,Cool,958876.3750000,1150,,Ridge Top,542.299987792968750,479.700012207031250,78.341621398925781,595.479980468750000,707,79.470458984375000,0.099538221644672, ,958876.375000000000000,0.1000000,3772,ST04,,Douglas fir,"Closed forest, upland","Moist Douglas fir forest at various elevations, usually with madrone (“laurel”). May include ponderosa pine, black oak, live oak, bigleaf maple, and Pacific yew.  Understory may contain chinquapin, dogwood, hazel.","Moist PSME-ARME, PIPO, HW",S04,-123.113897100000003,42.146446429999997
Star Gulch,ST,SG05,PSME,Cool,1024067.2500000,1062,,Bottom Slope,542.299987792968750,479.700012207031250,78.341621398925781,595.479980468750000,707,79.470458984375000,0.099538221644672, ,1024067.250000000000000,0.1000000,3483,ST05,,Douglas fir,"Closed forest, upland","Moist Douglas fir forest at various elevations, usually with madrone (“laurel”). May include ponderosa pine, black oak, live oak, bigleaf maple, and Pacific yew.  Understory may contain chinquapin, dogwood, hazel.","Moist PSME-ARME, PIPO, HW",S05,-123.117374929999997,42.146805450000002
Star Gulch,ST,SG06,PSME,Warm,1209539.0000000,1105,,Mid Slope,542.299987792968750,479.700012207031250,78.341621398925781,595.479980468750000,707,79.470458984375000,0.099538221623840, ,1209539.000000000000000,0.1000000,3624,ST06,,Douglas fir,"Closed forest, upland","Moist Douglas fir forest at various elevations, usually with madrone (“laurel”). May include ponderosa pine, black oak, live oak, bigleaf maple, and Pacific yew.  Understory may contain chinquapin, dogwood, hazel.","Moist PSME-ARME, PIPO, HW",S06,-123.114534829999997,42.147657690000003
Star Gulch,ST,SG07,PSME,Warm,1144357.7500000,1101,,Ridge Top,542.299987792968750,479.700012207031250,78.341621398925781,595.479980468750000,707,79.470458984375000,0.099538221644672, ,1144357.750000000000000,0.1000000,3611,ST07,,Douglas fir,"Closed forest, upland","Moist Douglas fir forest at various elevations, usually with madrone (“laurel”). May include ponderosa pine, black oak, live oak, bigleaf maple, and Pacific yew.  Understory may contain chinquapin, dogwood, hazel.","Moist PSME-ARME, PIPO, HW",S07,-123.114423729999999,42.148948470000001
Briggs Secret,BS,BS01,LIDE,Warm,1322780.2500000,899,,Ridge Top,544.900024414062500,515.099975585937500,72.629814147949219,615.849975585937500,703,85.207122802734375,0.099538221644672, ,1322780.250000000000000,0.1000000,2949,BS01,,Douglas fir,,,,R01,-123.676949370000003,42.432153149999998
Briggs Secret,BS,BS02,PSME,Warm,1191566.3750000,888,,Ridge Top,518.000000000000000,492.600006103515625,73.429145812988281,579.859985351562500,668,82.401451110839844,0.099538221623840, ,1191566.375000000000000,0.1000000,2913,BS02,,Douglas fir,,,,R02,-123.677521589999998,42.433131379999999
Briggs Secret,BS,BS03,PSME,Warm,1353783.3750000,927,,Ridge Top,518.000000000000000,492.600006103515625,73.429145812988281,579.859985351562500,668,82.401451110839844,0.099538221623840, ,1353783.375000000000000,0.1000000,3041,BS03,,Douglas fir,,,,R03,-123.672346390000001,42.434219339999999
Briggs Secret,BS,BS04,PSME,Cool,845141.3750000,852,,Mid Slope,518.000000000000000,492.600006103515625,73.429145812988281,579.859985351562500,668,82.401451110839844,0.099538221623840, ,845141.375000000000000,0.1000000,2795,BS04,,Douglas fir,,,,R04,-123.675587379999996,42.435837100000001
Briggs Secret,BS,BS05,LIDE,Cool,888113.1250000,790,,Mid Slope,513.400024414062500,493.000000000000000,69.287803649902344,597.559997558593750,685,83.710937500000000,0.099538221623840, ,888113.125000000000000,0.1000000,2591,BS05,,Douglas fir,,,,R05,-123.677826870000004,42.436007070000002
Briggs Secret,BS,BS06,PSME,Warm,1194814.3750000,954,,Ridge Top,518.000000000000000,492.600006103515625,73.429145812988281,579.859985351562500,668,82.401451110839844,0.099538221644672, ,1194814.375000000000000,0.1000000,3129,BS06,,Douglas fir,,,,R06,-123.670201710000001,42.436108050000001
Briggs Secret,BS,BS07,LIDE,Cool,981945.5625000,680,,Mid Slope,513.400024414062500,493.000000000000000,69.287803649902344,597.559997558593750,685,83.710937500000000,0.099538221644672, ,981945.562500000000000,0.1000000,2230,BS07,,Douglas fir,,,,R07,-123.681843700000002,42.436736689999996
Taylor Ridge,TY,TY01,PSME,Warm,1128343.1250000,457,,Mid Slope,514.799987792968750,483.600006103515625,65.141693115234375,659.359985351562500,731,79.694282531738281,0.099538221623840, ,1128343.125000000000000,0.1000000,1499,TY01,,Douglas fir,,,,T01,-123.602062610000004,42.554876280000002
Taylor Ridge,TY,TY02,PSME,Warm,1176819.0000000,451,,Ridge Top,514.799987792968750,483.600006103515625,65.141693115234375,659.359985351562500,731,79.694282531738281,0.099538221644672, ,1176819.000000000000000,0.1000000,1479,TY02,,Douglas fir,,,,T02,-123.601486820000005,42.556180099999999
Taylor Ridge,TY,TY03,PSME,Cool,999585.3125000,409,,Mid Slope,500.399993896484375,478.200012207031250,66.989250183105469,639.400024414062500,718,80.741218566894531,0.099538221623840, ,999585.312500000000000,0.1000000,1342,TY03,,Douglas fir,,,,T03,-123.605824049999995,42.556764880000003
Taylor Ridge,TY,TY04,LIDE,Cool,728634.2500000,324,,Mid Slope,514.799987792968750,483.600006103515625,65.141693115234375,659.359985351562500,731,79.694282531738281,0.099538221644672, ,728634.250000000000000,0.1000000,1063,TY04,,Douglas fir,,,,T04,-123.599411119999999,42.557663910000002
Taylor Ridge,TY,TY05,PSME,Cool,936109.9375000,452,,Ridge Top,530.500000000000000,509.399993896484375,67.250579833984375,722.260009765625000,784,80.870933532714844,0.099538221644672, ,936109.937500000000000,0.1000000,1483,TY05,,Douglas fir,,,,T05,-123.603514720000007,42.558547930000003
Taylor Ridge,TY,TY06,PSME,Cool,927144.3750000,381,,Ridge Top,530.500000000000000,509.399993896484375,67.250579833984375,722.260009765625000,784,80.870933532714844,0.099538221644672, ,927144.375000000000000,0.1000000,1250,TY06,,Douglas fir,,,,T06,-123.604422119999995,42.560157189999998
Taylor Ridge,TY,TY07,LIDE,Cool,1016484.1875000,319,,Ridge Top,534.400024414062500,506.000000000000000,63.565715789794922,725.339965820312500,787,80.018913269042969,0.099538221623840, ,1016484.187500000000000,0.1000000,1046,TY07,,Douglas fir,,,,T07,-123.601521590000004,42.561888060000001
Grayback,GB,GB01,LIDE,Warm,1374851.1250000,784,,Mid Slope,575.400024414062500,557.200012207031250,84.467506408691406,630.330017089843750,717,95.645927429199219,0.099538221644672,,1374851.125000000000000,0.1000000,2572,GB01,,Douglas fir-tan oak,,,,G01,-123.451009270000000,42.147074930000002
Grayback,GB,GB02,LIDE,Warm,1365469.2500000,738,,Mid Slope,575.400024414062500,557.200012207031250,84.467506408691406,630.330017089843750,717,95.645927429199219,0.099538221644672,,1365469.250000000000000,0.1000000,2421,GB02,,Douglas fir-tan oak,,,,G02,-123.452570440000002,42.145383889999998
Grayback,GB,GB03,LIDE,Warm,1368490.7500000,675,,Ridge Top,559.099975585937500,544.099975585937500,79.728851318359375,638.780029296875000,725,96.722496032714844,0.099538221623840,,1368490.750000000000000,0.1000000,2214,GB03,,Douglas fir-tan oak,,,,G03,-123.457666259999996,42.143014219999998
Grayback,GB,GB04,LIDE,Warm,1377836.8750000,768,,Mid Slope,575.400024414062500,557.200012207031250,84.467506408691406,630.330017089843750,717,95.645927429199219,0.099538221623840,,1377836.875000000000000,0.1000000,2519,GB04,,Douglas fir-tan oak,,,,G04,-123.451950010000004,42.146317240000002
Grayback,GB,GB05,LIDE,Warm,1351937.6250000,627,,Mid Slope,559.099975585937500,544.099975585937500,79.728851318359375,638.780029296875000,725,96.722496032714844,0.099538221623840,,1351937.625000000000000,0.1000000,2057,GB05,,Douglas fir-tan oak,,,,G05,-123.457937450000003,42.142336610000001
Grayback,GB,GB06,LIDE,Warm,1365462.0000000,672,,Ridge Top,559.099975585937500,544.099975585937500,79.728851318359375,638.780029296875000,725,96.722496032714844,0.099538221644672,,1365462.000000000000000,0.1000000,2204,GB06,,Douglas fir-tan oak,,,,G06,-123.456274710000002,42.142833500000002
Grayback,GB,GB07,LIDE,Warm,1382572.3750000,714,,Ridge Top,559.099975585937500,544.099975585937500,79.728851318359375,638.780029296875000,725,96.722496032714844,0.099538221623840,,1382572.375000000000000,0.1000000,2342,GB07,,Douglas fir-tan oak,,,,G07,-123.455999000000006,42.143606660000003
Grayback,GB,GB08,LIDE,Warm,1365764.2500000,740,,Mid Slope,575.400024414062500,557.200012207031250,84.467506408691406,630.330017089843750,717,95.645927429199219,0.099538221644672,,1365764.250000000000000,0.1000000,2427,GB08,,Douglas fir-tan oak,,,,G08,-123.450764699999993,42.145831059999999
Grayback,GB,GB09,LIDE,Warm,1158818.3750000,667,,Ridge Top,559.099975585937500,544.099975585937500,79.728851318359375,638.780029296875000,725,96.722496032714844,0.099538221644672,,1158818.375000000000000,0.1000000,2188,GB09,,Douglas fir-tan oak,,,,G09,-123.458924429999996,42.143615900000000
Grayback,GB,GB10,LIDE,Warm,1356271.7500000,635,,Mid Slope,559.099975585937500,544.099975585937500,79.728851318359375,638.780029296875000,725,96.722496032714844,0.099538221644672,,1356271.750000000000000,0.1000000,2083,GB10,,Douglas fir-tan oak,,,,G10,-123.454543930000000,42.142346230000001
