site_name,rodne_pid,pcid,field_plant_assoc,field_pvt,PVTName,IMAPDescription,PVTGroupName,bps_value,bps_name,insol,insol_value,elevation_m,date_sampled,year_sampled
Ashland Watershed,A01,PMH01,PSME/HODI/WHMO-SWO,Douglas-fir - Dry,White fir - Intermediate,white fir intermediate,White fir,710270,Mediterranean California Dry-Mesic Mixed Conifer Forest and Woodland,Cool,970818,1261,6/29/2011,2011
Ashland Watershed,A02,PMH02,PSME-ABCO/SYMO,White fir - Intermediate,White fir - Intermediate,white fir intermediate,White fir,710270,Mediterranean California Dry-Mesic Mixed Conifer Forest and Woodland,Warm,1307130.625,1290,6/29/2011,2011
Ashland Watershed,A03,PB05,PSME-PIPO/RHDI6,Douglas-fir - Dry,Douglas-fir - Moist,Douglas fir moist (SWO),Douglas-fir,710270,Mediterranean California Dry-Mesic Mixed Conifer Forest and Woodland,Warm,1377170.5,998,8/15/2011,2011
Ashland Watershed,A04,ASH8,PSME-PIPO/RHDI6,Douglas-fir - Dry,Douglas-fir - Dry,Douglas fir dry (SW),Douglas-fir,710270,Mediterranean California Dry-Mesic Mixed Conifer Forest and Woodland,Warm,1321314.375,954,10/10/2012,2012
Ashland Watershed,A05,PRH04,PIPO-PSME,Ponderosa pine - Dry,Douglas-fir - Moist,Douglas fir moist (SWO),Douglas-fir,710531,Northern Rocky Mountain Ponderosa Pine Woodland and Savanna - Mesic,Warm,1433473.375,1248,6/16/2011,2011
Ashland Watershed,A06,PB03,PSME/DRY SHRUB,Douglas-fir - Dry,Douglas-fir - Dry,Douglas fir dry (SW),Douglas-fir,710270,Mediterranean California Dry-Mesic Mixed Conifer Forest and Woodland,Cool,1093263.25,840,7/26/2011,2011
Ashland Watershed,A07,ASH0,PSME/DRY SHRUB,Douglas-fir - Dry,Douglas-fir - Moist,Douglas fir moist (SWO),Douglas-fir,710270,Mediterranean California Dry-Mesic Mixed Conifer Forest and Woodland,Cool,916706.0625,923,10/9/2012,2012
Ashland Watershed,A08,ASH2,PSME-PIPO/RHDI6,Douglas-fir - Dry,Douglas-fir - Dry,Douglas fir dry (SW),Douglas-fir,710270,Mediterranean California Dry-Mesic Mixed Conifer Forest and Woodland,Warm,1166229.25,989,10/4/2012,2012
Ashland Watershed,A09,PB04,ABCO-PSME/ROGY,White fir - Intermediate,Douglas-fir - Dry,Douglas fir dry (SW),Douglas-fir,710280,Mediterranean California Mesic Mixed Conifer Forest and Woodland,Cool,1007686.938,946,7/12/2011,2011
Ashland Watershed,A10,PML04,PSME-PIPO/RHDI6,Douglas-fir - Dry,Douglas-fir - Moist,Douglas fir moist (SWO),Douglas-fir,710270,Mediterranean California Dry-Mesic Mixed Conifer Forest and Woodland,Cool,1061311.125,1033,7/26/2011,2011
Ashland Watershed,A11,ASH3,PSME-PIPO/RHDI6,Douglas-fir - Dry,Douglas-fir - Dry,Douglas fir dry (SW),Douglas-fir,710270,Mediterranean California Dry-Mesic Mixed Conifer Forest and Woodland,Warm,1446991.5,1167,10/4/2012,2012
Ashland Watershed,A12,ASH4,PSME-PIPO/RHDI6,Douglas-fir - Dry,Douglas-fir - Moist,Douglas fir moist (SWO),Douglas-fir,710270,Mediterranean California Dry-Mesic Mixed Conifer Forest and Woodland,Warm,1284636.75,1032,10/4/2012,2012
Ashland Watershed,A13,PML01,PSME-PIPO/RHDI6,Douglas-fir - Dry,Douglas-fir - Moist,Douglas fir moist (SWO),Douglas-fir,710270,Mediterranean California Dry-Mesic Mixed Conifer Forest and Woodland,Cool,1110672.25,990,6/20/2011,2011
Ashland Watershed,A14,PB02,PSME/HODI/WHMO-SWO,Douglas-fir - Dry,Douglas-fir - Moist,Douglas fir moist (SWO),Douglas-fir,710270,Mediterranean California Dry-Mesic Mixed Conifer Forest and Woodland,Cool,1105742.25,981,6/23/2011,2011
Ashland Watershed,A15,PRL01,PSME/HODI/WHMO-SWO,Douglas-fir - Dry,Douglas-fir - Moist,Douglas fir moist (SWO),Douglas-fir,710270,Mediterranean California Dry-Mesic Mixed Conifer Forest and Woodland,Cool,1069840.625,991,7/12/2011,2011
Ashland Watershed,A16,ASH1,PSME/HODI/WHMO-SWO,Douglas-fir - Dry,Douglas-fir - Moist,Douglas fir moist (SWO),Douglas-fir,710270,Mediterranean California Dry-Mesic Mixed Conifer Forest and Woodland,Cool,874518.625,1047,10/9/2012,2012
Ashland Watershed,A17,PRH02,PSME-PIPO/RHDI6,Douglas-fir - Dry,Douglas-fir - Dry,Douglas fir dry (SW),Douglas-fir,710270,Mediterranean California Dry-Mesic Mixed Conifer Forest and Woodland,Warm,1405492.5,1103,7/13/2012,2012
Ashland Watershed,A18,ASH6,PSME-PIPO/RHDI6,Douglas-fir - Dry,Douglas-fir - Dry,Douglas fir dry (SW),Douglas-fir,710270,Mediterranean California Dry-Mesic Mixed Conifer Forest and Woodland,Warm,1355113,1212,10/4/2012,2012
Ashland Watershed,A19,PRL04,PSME/HODI/WHMO-SWO,Douglas-fir - Dry,Douglas-fir - Moist,Douglas fir moist (SWO),Douglas-fir,710270,Mediterranean California Dry-Mesic Mixed Conifer Forest and Woodland,Cool,981117.9375,1019,8/15/2011,2011
Ashland Watershed,A20,ASH5,PSME-PIPO/RHDI6,Douglas-fir - Dry,Douglas-fir - Dry,Douglas fir dry (SW),Douglas-fir,710270,Mediterranean California Dry-Mesic Mixed Conifer Forest and Woodland,Warm,1302599.125,1153,11/7/2012,2012
Ashland Watershed,A21,AMH01,ABCO/BENE2,White fir - Intermediate,White fir - Intermediate,white fir intermediate,White fir,710280,Mediterranean California Mesic Mixed Conifer Forest and Woodland,Warm,1423627.25,1456,6/21/2011,2011
Ashland Watershed,A22,PRH01,PSME-ABCO/SYMO,White fir - Intermediate,Douglas-fir - Moist,Douglas fir moist (SWO),Douglas-fir,710270,Mediterranean California Dry-Mesic Mixed Conifer Forest and Woodland,Warm,1294520.875,1239,6/28/2011,2011
Ashland Watershed,A23,PMH03,PSME-PIPO/RHDI6,Douglas-fir - Dry,Douglas-fir - Dry,Douglas fir dry (SW),Douglas-fir,710270,Mediterranean California Dry-Mesic Mixed Conifer Forest and Woodland,Warm,1406568,1161,8/2/2011,2011
Ashland Watershed,A24,PRL02,PSME-ABCO/SYMO,White fir - Intermediate,Douglas-fir - Moist,Douglas fir moist (SWO),Douglas-fir,710270,Mediterranean California Dry-Mesic Mixed Conifer Forest and Woodland,Cool,1015393.188,1107,7/18/2011,2011
Ashland Watershed,A25,PRH03,PSME-ABCO/SYMO,White fir - Intermediate,Douglas-fir - Moist,Douglas fir moist (SWO),Douglas-fir,710270,Mediterranean California Dry-Mesic Mixed Conifer Forest and Woodland,Warm,1391317.375,1260,7/13/2011,2011
Ashland Watershed,A26,PB01,PSME/BENE2/POMU,Douglas-fir - Dry,White fir - Intermediate,white fir intermediate,White fir,710270,Mediterranean California Dry-Mesic Mixed Conifer Forest and Woodland,Cool,693275.1875,1051,7/18/2011,2011
Ashland Watershed,A27,PRH05,PSME-PIPO/RHDI6,Douglas-fir - Dry,Douglas-fir - Dry,Douglas fir dry (SW),Douglas-fir,710270,Mediterranean California Dry-Mesic Mixed Conifer Forest and Woodland,Warm,1434681.875,1118,8/2/2011,2011
Ashland Watershed,A28,PRL03,ABCO-PSME/ROGY,White fir - Intermediate,White fir - Intermediate,white fir intermediate,White fir,710280,Mediterranean California Mesic Mixed Conifer Forest and Woodland,Cool,1119313.5,1228,6/15/2011,2011
Ashland Watershed,A29,AB01,PSME-ABCO,White fir - Intermediate,Douglas-fir - Moist,Douglas fir moist (SWO),Douglas-fir,710270,Mediterranean California Dry-Mesic Mixed Conifer Forest and Woodland,Cool,1034562.438,1156,6/27/2011,2011
Ashland Watershed,A30,PML03,ABCO/SYMO,White fir - Intermediate,White fir - Intermediate,white fir intermediate,White fir,710280,Mediterranean California Mesic Mixed Conifer Forest and Woodland,Warm,1139494.75,1251,6/27/2011,2011
Ashland Watershed,A31,PML05,PSME-ABCO/SYMO,White fir - Intermediate,White fir - Intermediate,white fir intermediate,White fir,710270,Mediterranean California Dry-Mesic Mixed Conifer Forest and Woodland,Cool,1092752.625,1310,7/25/2011,2011
Ashland Watershed,A32,ARL05,ABCO/BENE2,White fir - Intermediate,White fir - Intermediate,white fir intermediate,White fir,710280,Mediterranean California Mesic Mixed Conifer Forest and Woodland,Warm,1202755.875,1469,8/16/2011,2011
Ashland Watershed,A33,ARH04,PSME/ARNE-SWO,Douglas-fir - Dry,White fir - Intermediate,white fir intermediate,White fir,710270,Mediterranean California Dry-Mesic Mixed Conifer Forest and Woodland,Warm,1485469.625,1487,7/5/2011,2011
Ashland Watershed,A34,PMH04,PSME-ABCO/SYMO,White fir - Intermediate,White fir - Intermediate,white fir intermediate,White fir,710270,Mediterranean California Dry-Mesic Mixed Conifer Forest and Woodland,Warm,1263728.25,1181,8/4/2011,2011
Ashland Watershed,A35,AB03,PSME-ABCO,White fir - Intermediate,White fir - Intermediate,white fir intermediate,White fir,710270,Mediterranean California Dry-Mesic Mixed Conifer Forest and Woodland,Cool,947592.3125,1211,7/21/2011,2011
Ashland Watershed,A36,AML03,ABCO/BENE2/LIBOL,White fir - Intermediate,White fir - Intermediate,white fir intermediate,White fir,710280,Mediterranean California Mesic Mixed Conifer Forest and Woodland,Warm,1127983.375,1355,7/20/2011,2011
Ashland Watershed,A37,AMH03,PSME-ABCO/SYMO,White fir - Intermediate,White fir - Intermediate,white fir intermediate,White fir,710270,Mediterranean California Dry-Mesic Mixed Conifer Forest and Woodland,Warm,1307245.125,1402,7/5/2011,2011
Ashland Watershed,A38,PRL05,PSME-ABCO,White fir - Intermediate,Douglas-fir - Moist,Douglas fir moist (SWO),Douglas-fir,710270,Mediterranean California Dry-Mesic Mixed Conifer Forest and Woodland,Warm,1181808.5,1258,8/4/2011,2011
Ashland Watershed,A39,ARH03,ABCO/BENE2,White fir - Intermediate,White fir - Intermediate,white fir intermediate,White fir,710280,Mediterranean California Mesic Mixed Conifer Forest and Woodland,Warm,1439589.125,1407,7/20/2011,2011
Ashland Watershed,A40,AB02,PSME-ABCO,White fir - Intermediate,Douglas-fir - Moist,Douglas fir moist (SWO),Douglas-fir,710270,Mediterranean California Dry-Mesic Mixed Conifer Forest and Woodland,Warm,1138345.625,1164,7/28/2011,2011
Ashland Watershed,A41,ARH02,PSME-PIPO/RHDI6,Douglas-fir - Dry,White fir - Intermediate,white fir intermediate,White fir,710270,Mediterranean California Dry-Mesic Mixed Conifer Forest and Woodland,Warm,1441066.75,1416,7/29/2011,2011
Ashland Watershed,A42,PML02,PSME-ABCO,White fir - Intermediate,White fir - Intermediate,white fir intermediate,White fir,710270,Mediterranean California Dry-Mesic Mixed Conifer Forest and Woodland,Cool,1107916.75,1252,7/28/2011,2011
Ashland Watershed,A43,AML02,PSME-ABCO,White fir - Intermediate,White fir - Intermediate,white fir intermediate,White fir,710270,Mediterranean California Dry-Mesic Mixed Conifer Forest and Woodland,Cool,1031520.125,1566,6/30/2011,2011
Ashland Watershed,A44,PMH05,PSME-ABCO/SYMO,White fir - Intermediate,White fir - Intermediate,white fir intermediate,White fir,710270,Mediterranean California Dry-Mesic Mixed Conifer Forest and Woodland,Warm,1266438.5,1236,8/11/2011,2011
Ashland Watershed,A45,ARH05,PSME-ABCO,White fir - Intermediate,White fir - Intermediate,white fir intermediate,White fir,710270,Mediterranean California Dry-Mesic Mixed Conifer Forest and Woodland,Warm,1347212.5,1693,7/27/2011,2011
Ashland Watershed,A46,AMH02,ABCO-LIDE3/CHUM,White fir - Cool,White fir - Intermediate,white fir intermediate,White fir,710280,Mediterranean California Mesic Mixed Conifer Forest and Woodland,Warm,1350579.375,1357,7/11/2011,2011
Ashland Watershed,A47,ARL02,ABCO/BENE2,White fir - Intermediate,White fir - Intermediate,white fir intermediate,White fir,710280,Mediterranean California Mesic Mixed Conifer Forest and Woodland,Cool,1104020.5,1467,7/7/2011,2011
Ashland Watershed,A48,AML01,ABCO/BENE2,White fir - Intermediate,White fir - Intermediate,white fir intermediate,White fir,710280,Mediterranean California Mesic Mixed Conifer Forest and Woodland,Warm,1161998.25,1515,7/14/2011,2011
Ashland Watershed,A49,AML05,ABCO/BENE2,White fir - Intermediate,White fir - Intermediate,white fir intermediate,White fir,710280,Mediterranean California Mesic Mixed Conifer Forest and Woodland,Cool,1105149,1411,8/11/2011,2011
Ashland Watershed,A50,AMH04,ABCO-ABMAS/CHUM-ANDE3,White fir - Cool,White fir - Intermediate,white fir intermediate,White fir,710280,Mediterranean California Mesic Mixed Conifer Forest and Woodland,Warm,1363289.25,1733,7/27/2011,2011
Ashland Watershed,A51,ARL03,ABCO/BENE2,White fir - Intermediate,White fir - Intermediate,white fir intermediate,White fir,710280,Mediterranean California Mesic Mixed Conifer Forest and Woodland,Cool,1074891.375,1353,7/29/2011,2011
Ashland Watershed,A52,AB04,ABCO/BENE2/LIBOL,White fir - Intermediate,White fir - Intermediate,white fir intermediate,White fir,710280,Mediterranean California Mesic Mixed Conifer Forest and Woodland,Cool,809125.1875,1390,8/17/2011,2011
Ashland Watershed,A53,ARL04,ABCO/BENE2,White fir - Intermediate,White fir - Intermediate,white fir intermediate,White fir,710280,Mediterranean California Mesic Mixed Conifer Forest and Woodland,Warm,1191939.875,1333,7/25/2011,2011
Ashland Watershed,A54,ARL01,ABCO-ABMAS/CHUM-ANDE3,White fir - Cool,White fir - Intermediate,white fir intermediate,White fir,710280,Mediterranean California Mesic Mixed Conifer Forest and Woodland,Warm,1250752.875,1599,7/21/2011,2011
Ashland Watershed,A55,AB05,ABCO/BENE2/LIBOL,White fir - Intermediate,White fir - Intermediate,white fir intermediate,White fir,710280,Mediterranean California Mesic Mixed Conifer Forest and Woodland,Cool,841350.25,1395,10/18/2011,2011
Ashland Watershed,A56,AMH05,ABCO-ABMAS/CHUM-ANDE3,White fir - Cool,White fir - Intermediate,white fir intermediate,White fir,710280,Mediterranean California Mesic Mixed Conifer Forest and Woodland,Warm,1300214.375,1559,10/11/2011,2011
Ashland Watershed,A57,AML04,ABCO-ABMAS/CHUM-ANDE3,White fir - Cool,White fir - Intermediate,white fir intermediate,White fir,710280,Mediterranean California Mesic Mixed Conifer Forest and Woodland,Warm,1269506,1726,7/27/2011,2011
Ashland Watershed,A58,ASH7,ABCO-ABMAS/CHUM-ANDE3,White fir - Cool,White fir - Intermediate,white fir intermediate,White fir,710280,Mediterranean California Mesic Mixed Conifer Forest and Woodland,Cool,980766.125,1551,10/10/2012,2012
Ashland Watershed,A59,ARH01,PSME/ARNE-SWO,Douglas-fir - Dry,Shasta red fir - Moist,Shasta red fir moist,Shasta red fir,710270,Mediterranean California Dry-Mesic Mixed Conifer Forest and Woodland,Warm,1398881.875,1785,7/7/2011,2011
Ashland Watershed,AA,MPM,PSME-PIPO/RHDI6,Douglas-fir - Dry,Douglas-fir - Dry,Douglas fir dry (SW),Douglas-fir,710270,Mediterranean California Dry-Mesic Mixed Conifer Forest and Woodland,Warm,1380267.375,1139,2011,2011
Ashland Watershed,AB,MPR,PSME-ABCO/SYMO,White fir - Intermediate,Douglas-fir - Moist,Douglas fir moist (SWO),Douglas-fir,710270,Mediterranean California Dry-Mesic Mixed Conifer Forest and Woodland,Warm,1273804.375,1209,2011,2011
Ashland Watershed,AC,MAR,PSME-PIPO/RHDI6,Douglas-fir - Dry,White fir - Intermediate,white fir intermediate,White fir,710270,Mediterranean California Dry-Mesic Mixed Conifer Forest and Woodland,Warm,1344412.5,1418,2011,2011
Ashland Watershed,AD,MAM,ABCO-ABMAS/CHUM-ANDE3,White fir - Cool,White fir - Intermediate,white fir intermediate,White fir,710280,Mediterranean California Mesic Mixed Conifer Forest and Woodland,Warm,1315128.5,1554,2011,2011
Big Butte Creek,B01,BB01,PSME/HODI/WHMO-SWO,Douglas-fir - Dry,Douglas-fir - Dry,Douglas fir dry (SW),Douglas-fir,710270,Mediterranean California Dry-Mesic Mixed Conifer Forest and Woodland,Warm,1170325.875,671,9/17/2012,2012
Big Butte Creek,B02,BB02,PSME/DRY SHRUB,Douglas-fir - Dry,Douglas-fir - Dry,Douglas fir dry (SW),Douglas-fir,710270,Mediterranean California Dry-Mesic Mixed Conifer Forest and Woodland,Cool,1086339.875,656,9/17/2012,2012
Big Butte Creek,B03,BB03,PSME-PIPO/RHDI6,Douglas-fir - Dry,Douglas-fir - Dry,Douglas fir dry (SW),Douglas-fir,710270,Mediterranean California Dry-Mesic Mixed Conifer Forest and Woodland,Warm,1187062.75,693,9/4/2012,2012
Big Butte Creek,B04,BB04,PSME-PIPO/RHDI6,Douglas-fir - Dry,Douglas-fir - Dry,Douglas fir dry (SW),Douglas-fir,710270,Mediterranean California Dry-Mesic Mixed Conifer Forest and Woodland,Cool,1112929.875,728,9/4/2012,2012
Big Butte Creek,B05,BB05,PSME-PIPO/RHDI6,Douglas-fir - Dry,Douglas-fir - Dry,Douglas fir dry (SW),Douglas-fir,710270,Mediterranean California Dry-Mesic Mixed Conifer Forest and Woodland,Warm,1165521.625,708,8/22/2012,2012
Big Butte Creek,B06,BB06,PSME-PIPO/RHDI6,Douglas-fir - Dry,Douglas-fir - Dry,Douglas fir dry (SW),Douglas-fir,710270,Mediterranean California Dry-Mesic Mixed Conifer Forest and Woodland,Warm,1196786.375,714,8/22/2012,2012
Big Butte Creek,B07,BB07,PSME-PIPO/RHDI6,Douglas-fir - Dry,Douglas-fir - Dry,Douglas fir dry (SW),Douglas-fir,710270,Mediterranean California Dry-Mesic Mixed Conifer Forest and Woodland,Warm,1187237.875,726,8/30/2012,2012
Big Butte Creek,B08,BB08,PSME/DRY SHRUB,Douglas-fir - Dry,Douglas-fir - Dry,Douglas fir dry (SW),Douglas-fir,710270,Mediterranean California Dry-Mesic Mixed Conifer Forest and Woodland,Warm,1154701.75,747,9/5/2012,2012
Big Butte Creek,B09,BB09,PSME-PIPO/RHDI6,Douglas-fir - Dry,Douglas-fir - Dry,Douglas fir dry (SW),Douglas-fir,710270,Mediterranean California Dry-Mesic Mixed Conifer Forest and Woodland,Warm,1139190,761,9/5/2012,2012
Big Butte Creek,B10,BB10,PSME-PIPO/RHDI6,Douglas-fir - Dry,Douglas-fir - Dry,Douglas fir dry (SW),Douglas-fir,710270,Mediterranean California Dry-Mesic Mixed Conifer Forest and Woodland,Cool,1092673,758,9/27/2012,2012
Big Butte Creek,BA,MBB,PSME-PIPO/RHDI6,Douglas-fir - Dry,Douglas-fir - Dry,Douglas fir dry (SW),Douglas-fir,710270,Mediterranean California Dry-Mesic Mixed Conifer Forest and Woodland,Cool,1127968.5,708,2012,2012
Trail Creek,C01,TC01,PIPO-PSME,Ponderosa pine - Dry,White fir - Intermediate,white fir intermediate,White fir,710531,Northern Rocky Mountain Ponderosa Pine Woodland and Savanna - Mesic,Warm,1208588,687,6/19/2012,2012
Trail Creek,C02,TC02,PSME/DRY SHRUB,Douglas-fir - Dry,Douglas-fir - Dry,Douglas fir dry (SW),Douglas-fir,710270,Mediterranean California Dry-Mesic Mixed Conifer Forest and Woodland,Warm,1337170.125,673,6/12/2012,2012
Trail Creek,C03,TC03,PSME-PIPO/RHDI6,Douglas-fir - Dry,Douglas-fir - Dry,Douglas fir dry (SW),Douglas-fir,710270,Mediterranean California Dry-Mesic Mixed Conifer Forest and Woodland,Warm,1265405,648,6/12/2012,2012
Trail Creek,C04,TC04,PSME/HODI/WHMO-SWO,Douglas-fir - Dry,White fir - Intermediate,white fir intermediate,White fir,710270,Mediterranean California Dry-Mesic Mixed Conifer Forest and Woodland,Warm,1201549.25,631,6/18/2012,2012
Trail Creek,C05,TC05,PSME-PIPO/RHDI6,Douglas-fir - Dry,Douglas-fir - Moist,Douglas fir moist (SWO),Douglas-fir,710270,Mediterranean California Dry-Mesic Mixed Conifer Forest and Woodland,Warm,1247357.875,599,6/18/2012,2012
Trail Creek,C06,TC06,PSME-PIPO/RHDI6,Douglas-fir - Dry,Douglas-fir - Moist,Douglas fir moist (SWO),Douglas-fir,710270,Mediterranean California Dry-Mesic Mixed Conifer Forest and Woodland,Cool,1113031.625,654,6/8/2012,2012
Trail Creek,C07,TC07,PSME-PIPO/RHDI6,Douglas-fir - Dry,Oregon white oak,Oregon white oak,Oregon white oak,710270,Mediterranean California Dry-Mesic Mixed Conifer Forest and Woodland,Warm,1228137.375,650,6/20/2012,2012
Trail Creek,C08,TC08,PSME-PIPO/RHDI6,Douglas-fir - Dry,Douglas-fir - Moist,Douglas fir moist (SWO),Douglas-fir,710270,Mediterranean California Dry-Mesic Mixed Conifer Forest and Woodland,Warm,1356505.875,698,10/25/2012,2012
Trail Creek,C09,TC09,PSME/HODI/WHMO-SWO,Douglas-fir - Dry,Oregon white oak,Oregon white oak,Oregon white oak,710270,Mediterranean California Dry-Mesic Mixed Conifer Forest and Woodland,Cool,1073920.375,713,11/6/2012,2012
Trail Creek,C10,TC09b,PSME/DRY SHRUB,Douglas-fir - Dry,Douglas-fir - Moist,Douglas fir moist (SWO),Douglas-fir,710270,Mediterranean California Dry-Mesic Mixed Conifer Forest and Woodland,Cool,1086468.625,649,10/26/2012,2012
Trail Creek,C11,TC10,PSME/DRY SHRUB,Douglas-fir - Dry,Douglas-fir - Moist,Douglas fir moist (SWO),Douglas-fir,710270,Mediterranean California Dry-Mesic Mixed Conifer Forest and Woodland,Warm,1163660.25,624,10/26/2012,2012
Trail Creek,CA,MTL,PSME-PIPO/RHDI6,Douglas-fir - Dry,Douglas-fir - Moist,Douglas fir moist (SWO),Douglas-fir,710270,Mediterranean California Dry-Mesic Mixed Conifer Forest and Woodland,Warm,1185811.25,668,2012,2012
Elder Creek,E01,HC01,PSME-CADE27-PIJE,Jeffrey pine,Douglas-fir - Dry,Douglas fir dry (SW),Douglas-fir,710270,Mediterranean California Dry-Mesic Mixed Conifer Forest and Woodland,Warm,1373326.375,799,9/15/2014,2014
Elder Creek,E02,HC02,PSME-CADE27-PIJE,Jeffrey pine,Douglas-fir - Moist,Douglas fir moist (SWO),Douglas-fir,710270,Mediterranean California Dry-Mesic Mixed Conifer Forest and Woodland,Warm,1311220.875,856,7/10/2014,2014
Elder Creek,E03,HC03,PSME-CADE27-PIJE,Jeffrey pine,Douglas-fir - Moist,Douglas fir moist (SWO),Douglas-fir,710270,Mediterranean California Dry-Mesic Mixed Conifer Forest and Woodland,Warm,1382142.5,895,7/10/2014,2014
Elder Creek,E04,HC04,PSME-CADE27-PIJE,Jeffrey pine,Douglas-fir - Moist,Douglas fir moist (SWO),Douglas-fir,710270,Mediterranean California Dry-Mesic Mixed Conifer Forest and Woodland,Warm,1352875,995,6/16/2014,2014
Elder Creek,E05,HC05,PSME-CADE27-PIJE,Jeffrey pine,Douglas-fir - Moist,Douglas fir moist (SWO),Douglas-fir,710270,Mediterranean California Dry-Mesic Mixed Conifer Forest and Woodland,Warm,1370669.875,1047,6/16/2014,2014
Elder Creek,E06,HC06,PSME-CADE27-PIJE,Jeffrey pine,Douglas-fir - Moist,Douglas fir moist (SWO),Douglas-fir,710270,Mediterranean California Dry-Mesic Mixed Conifer Forest and Woodland,Warm,1394763.125,996,7/9/2014,2014
Elder Creek,E07,HC07,PSME-CADE27-PIJE,Jeffrey pine,Douglas-fir - Moist,Douglas fir moist (SWO),Douglas-fir,710270,Mediterranean California Dry-Mesic Mixed Conifer Forest and Woodland,Warm,1404855.375,980,7/8/2014,2014
Elder Creek,E08,HC08,PSME-CADE27-PIJE,Jeffrey pine,Douglas-fir - Moist,Douglas fir moist (SWO),Douglas-fir,710270,Mediterranean California Dry-Mesic Mixed Conifer Forest and Woodland,Warm,1404081,958,11/14/2011,2011
Elder Creek,E09,HC09,PSME-CADE27-PIJE,Jeffrey pine,Ultramafic,Jeffrey pine,Jeffrey pine,710270,Mediterranean California Dry-Mesic Mixed Conifer Forest and Woodland,Warm,1203614.5,967,11/14/2011,2011
Elder Creek,E10,HC10,PSME-QUCH2/RHDI6,Douglas-fir - Dry,Douglas-fir - Moist,Douglas fir moist (SWO),Douglas-fir,710270,Mediterranean California Dry-Mesic Mixed Conifer Forest and Woodland,Warm,1403170.375,930,11/17/2011,2011
Grayback,G01,GB01,LIDE3-PSME-QUCH2/RHDI6,Tan oak - Douglas-fir - Dry,Tan oak - Douglas-fir - Dry,tan oak/Douglas fir dry,Tan oak,10431,Mediterranean California Mixed-Evergreen Forest -- Interior,Warm,1374851.125,784,9/4/2014,2014
Grayback,G02,GB02,LIDE3-PSME-QUCH2/RHDI6,Tan oak - Douglas-fir - Dry,Tan oak - Douglas-fir - Dry,tan oak/Douglas fir dry,Tan oak,10431,Mediterranean California Mixed-Evergreen Forest -- Interior,Warm,1365469.25,738,9/8/2014,2014
Grayback,G03,GB03,LIDE3-PSME-QUCH2/RHDI6,Tan oak - Douglas-fir - Dry,Douglas-fir - Dry,Douglas fir dry (SW),Douglas-fir,10431,Mediterranean California Mixed-Evergreen Forest -- Interior,Warm,1368490.75,675,9/11/2014,2014
Grayback,G04,GB04,LIDE3-PSME-QUCH2/RHDI6,Tan oak - Douglas-fir - Dry,Tan oak - Douglas-fir - Dry,tan oak/Douglas fir dry,Tan oak,10431,Mediterranean California Mixed-Evergreen Forest -- Interior,Warm,1377836.875,768,9/4/2014,2014
Grayback,G05,GB05,LIDE3-PSME-QUCH2/RHDI6,Tan oak - Douglas-fir - Dry,Douglas-fir - Dry,Douglas fir dry (SW),Douglas-fir,10431,Mediterranean California Mixed-Evergreen Forest -- Interior,Warm,1351937.625,627,9/8/2014,2014
Grayback,G06,GB06,LIDE3-PSME-QUCH2/RHDI6,Tan oak - Douglas-fir - Dry,Douglas-fir - Dry,Douglas fir dry (SW),Douglas-fir,10431,Mediterranean California Mixed-Evergreen Forest -- Interior,Warm,1365462,672,9/10/2014,2014
Grayback,G07,GB07,LIDE3-PSME-QUCH2/RHDI6,Tan oak - Douglas-fir - Dry,Tan oak - Douglas-fir - Dry,tan oak/Douglas fir dry,Tan oak,10431,Mediterranean California Mixed-Evergreen Forest -- Interior,Warm,1382572.375,714,9/10/2014,2014
Grayback,G08,GB08,LIDE3-PSME-QUCH2/RHDI6,Tan oak - Douglas-fir - Dry,Tan oak - Douglas-fir - Dry,tan oak/Douglas fir dry,Tan oak,10431,Mediterranean California Mixed-Evergreen Forest -- Interior,Warm,1365764.25,740,9/2/2014,2014
Grayback,G09,GB09,LIDE3-PSME-QUCH2/RHDI6,Tan oak - Douglas-fir - Dry,Tan oak - Douglas-fir - Dry,tan oak/Douglas fir dry,Tan oak,10431,Mediterranean California Mixed-Evergreen Forest -- Interior,Warm,1158818.375,667,9/11/2014,2014
Grayback,G10,GB10,LIDE3-PSME-QUCH2/RHDI6,Tan oak - Douglas-fir - Dry,Tan oak - Douglas-fir - Dry,tan oak/Douglas fir dry,Tan oak,10431,Mediterranean California Mixed-Evergreen Forest -- Interior,Warm,1356271.75,635,9/9/2014,2014
Elliott Ridge,L01,SL01,PIPO-PSME,Ponderosa pine - Dry,White fir - Intermediate,white fir intermediate,White fir,710531,Northern Rocky Mountain Ponderosa Pine Woodland and Savanna - Mesic,Warm,1437220.75,1313,8/18/2014,2014
Elliott Ridge,L02,SL02,PIPO-PSME,Ponderosa pine - Dry,White fir - Intermediate,white fir intermediate,White fir,710531,Northern Rocky Mountain Ponderosa Pine Woodland and Savanna - Mesic,Warm,1452497.875,1334,8/18/2014,2014
Elliott Ridge,L03,SL03,PIPO-PSME,Ponderosa pine - Dry,Douglas-fir - Dry,Douglas fir dry (SW),Douglas-fir,710531,Northern Rocky Mountain Ponderosa Pine Woodland and Savanna - Mesic,Warm,1441828.25,1305,8/19/2014,2014
Elliott Ridge,L04,SL04,PIPO-PSME,Ponderosa pine - Dry,Douglas-fir - Dry,Douglas fir dry (SW),Douglas-fir,710531,Northern Rocky Mountain Ponderosa Pine Woodland and Savanna - Mesic,Warm,1501024.625,1360,8/19/2014,2014
Elliott Ridge,L05,SL05,PIPO-PSME,Ponderosa pine - Dry,White fir - Intermediate,white fir intermediate,White fir,710531,Northern Rocky Mountain Ponderosa Pine Woodland and Savanna - Mesic,Warm,1498318.5,1407,8/13/2014,2014
Elliott Ridge,L06,SL06,PIPO-PSME,Ponderosa pine - Dry,White fir - Intermediate,white fir intermediate,White fir,710531,Northern Rocky Mountain Ponderosa Pine Woodland and Savanna - Mesic,Warm,1414166.875,1425,8/13/2014,2014
Elliott Ridge,L07,SL07,PIPO-PSME,Ponderosa pine - Dry,White fir - Intermediate,white fir intermediate,White fir,710531,Northern Rocky Mountain Ponderosa Pine Woodland and Savanna - Mesic,Warm,1407186.25,1465,8/18/2014,2014
Elliott Ridge,L08,SquawPRH02,PIPO-PSME,Ponderosa pine - Dry,Douglas-fir - Dry,Douglas fir dry (SW),Douglas-fir,710531,Northern Rocky Mountain Ponderosa Pine Woodland and Savanna - Mesic,Warm,1531068.5,1480,10/27/2011,2011
Elliott Ridge,L09,SquawPMH01,PIPO-PSME,Ponderosa pine - Dry,Douglas-fir - Dry,Douglas fir dry (SW),Douglas-fir,710531,Northern Rocky Mountain Ponderosa Pine Woodland and Savanna - Mesic,Warm,1510807.75,1477,10/27/2011,2011
Elliott Ridge,L10,SquawPRH01,PIPO-PSME,Ponderosa pine - Dry,Douglas-fir - Dry,Douglas fir dry (SW),Douglas-fir,710531,Northern Rocky Mountain Ponderosa Pine Woodland and Savanna - Mesic,Warm,1525619.875,1458,10/31/2011,2011
Emigrant Creek,M01,EM01,PSME-ABCO,White fir - Intermediate,White fir - Intermediate,white fir intermediate,White fir,710270,Mediterranean California Dry-Mesic Mixed Conifer Forest and Woodland,Warm,1258743.625,1176,10/2/2012,2012
Emigrant Creek,M02,EM02,PSME-PIPO/RHDI6,Douglas-fir - Dry,White fir - Intermediate,white fir intermediate,White fir,710270,Mediterranean California Dry-Mesic Mixed Conifer Forest and Woodland,Warm,1139934.875,1147,9/6/2012,2012
Emigrant Creek,M03,EM03,PSME-ABCO,White fir - Intermediate,Douglas-fir - Dry,Douglas fir dry (SW),Douglas-fir,710270,Mediterranean California Dry-Mesic Mixed Conifer Forest and Woodland,Warm,1231680.375,1140,9/18/2012,2012
Emigrant Creek,M04,EM04,PSME-PIPO/RHDI6,Douglas-fir - Dry,White fir - Intermediate,white fir intermediate,White fir,710270,Mediterranean California Dry-Mesic Mixed Conifer Forest and Woodland,Cool,1088779.375,1067,9/6/2012,2012
Emigrant Creek,M05,EM05,PSME/DRY SHRUB,Douglas-fir - Dry,Douglas-fir - Dry,Douglas fir dry (SW),Douglas-fir,710270,Mediterranean California Dry-Mesic Mixed Conifer Forest and Woodland,Cool,1055843.875,1018,9/10/2012,2012
Emigrant Creek,M06,EM06,PSME-PIPO/RHDI6,Douglas-fir - Dry,Douglas-fir - Dry,Douglas fir dry (SW),Douglas-fir,710270,Mediterranean California Dry-Mesic Mixed Conifer Forest and Woodland,Warm,1132866.125,1044,9/11/2012,2012
Emigrant Creek,M07,EM07,PSME/DRY SHRUB,Douglas-fir - Dry,Douglas-fir - Dry,Douglas fir dry (SW),Douglas-fir,710270,Mediterranean California Dry-Mesic Mixed Conifer Forest and Woodland,Warm,1178808.625,1019,9/10/2012,2012
Emigrant Creek,M08,EM08,PSME-PIPO/RHDI6,Douglas-fir - Dry,Douglas-fir - Dry,Douglas fir dry (SW),Douglas-fir,710270,Mediterranean California Dry-Mesic Mixed Conifer Forest and Woodland,Warm,1195016.25,1030,9/11/2012,2012
Emigrant Creek,M09,EM09,PSME/DRY SHRUB,Douglas-fir - Dry,Douglas-fir - Dry,Douglas fir dry (SW),Douglas-fir,710270,Mediterranean California Dry-Mesic Mixed Conifer Forest and Woodland,Cool,1105305.125,956,9/12/2012,2012
Emigrant Creek,M10,EM10,PSME-PIPO/RHDI6,Douglas-fir - Dry,Douglas-fir - Dry,Douglas fir dry (SW),Douglas-fir,710270,Mediterranean California Dry-Mesic Mixed Conifer Forest and Woodland,Warm,1206489.75,947,9/12/2012,2012
Emigrant Creek,MA,MEM,PSME-PIPO/RHDI6,Douglas-fir - Dry,White fir - Intermediate,white fir intermediate,White fir,710270,Mediterranean California Dry-Mesic Mixed Conifer Forest and Woodland,Cool,1111147.75,1108,2012,2012
Briggs Secret,R01,BS01,LIDE3-PSME-QUCH2/BENE2,Tan oak - Douglas-fir - Dry,Tan oak - Douglas-fir - Dry,tan oak/Douglas fir dry,Tan oak,10431,Mediterranean California Mixed-Evergreen Forest -- Interior,Warm,1322780.25,899,8/21/2014,2014
Briggs Secret,R02,BS02,LIDE3-PSME-QUCH2/BENE2,Tan oak - Douglas-fir - Dry,Douglas-fir - Moist,Douglas fir moist (SWO),Douglas-fir,10431,Mediterranean California Mixed-Evergreen Forest -- Interior,Warm,1191566.375,888,8/21/2014,2014
Briggs Secret,R03,BS03,LIDE3-PSME-QUCH2/BENE2,Tan oak - Douglas-fir - Dry,Tan oak - Douglas-fir - Dry,tan oak/Douglas fir dry,Tan oak,10431,Mediterranean California Mixed-Evergreen Forest -- Interior,Warm,1353783.375,927,8/27/2014,2014
Briggs Secret,R04,BS04,LIDE3-PSME-QUCH2/BENE2,Tan oak - Douglas-fir - Dry,Tan oak - Douglas-fir - Dry,tan oak/Douglas fir dry,Tan oak,10431,Mediterranean California Mixed-Evergreen Forest -- Interior,Cool,845141.375,852,8/26/2014,2014
Briggs Secret,R05,BS05,LIDE3-PSME-QUCH2/BENE2,Tan oak - Douglas-fir - Dry,Tan oak - Douglas-fir - Dry,tan oak/Douglas fir dry,Tan oak,10431,Mediterranean California Mixed-Evergreen Forest -- Interior,Cool,888113.125,790,8/25/2014,2014
Briggs Secret,R06,BS06,LIDE3-PSME-QUCH2/BENE2,Tan oak - Douglas-fir - Dry,Tan oak - Douglas-fir - Dry,tan oak/Douglas fir dry,Tan oak,10431,Mediterranean California Mixed-Evergreen Forest -- Interior,Warm,1194814.375,954,8/26/2014,2014
Briggs Secret,R07,BS07,LIDE3-PSME-QUCH2/BENE2,Tan oak - Douglas-fir - Dry,Tan oak - Douglas-fir - Dry,tan oak/Douglas fir dry,Tan oak,10431,Mediterranean California Mixed-Evergreen Forest -- Interior,Cool,981945.5625,680,8/20/2014,2014
Briggs Secret,R08,BS08,LIDE3-PSME-QUCH2/BENE2,Tan oak - Douglas-fir - Dry,Douglas-fir - Moist,Douglas fir moist (SWO),Douglas-fir,10431,Mediterranean California Mixed-Evergreen Forest -- Interior,Cool,913718.9375,902,11/9/2011,2011
Briggs Secret,R09,BS09,LIDE3-PSME-QUCH2/BENE2,Tan oak - Douglas-fir - Dry,Tan oak - Douglas-fir - Dry,tan oak/Douglas fir dry,Tan oak,10431,Mediterranean California Mixed-Evergreen Forest -- Interior,Warm,1230184.875,961,11/9/2011,2011
Briggs Secret,R10,BS10,LIDE3-PSME-QUCH2/BENE2,Tan oak - Douglas-fir - Dry,Tan oak - Douglas-fir - Dry,tan oak/Douglas fir dry,Tan oak,10431,Mediterranean California Mixed-Evergreen Forest -- Interior,Warm,1403772,922,11/10/2011,2011
Star Gulch,S01,SG01,PSME-QUCH2/RHDI6,Douglas-fir - Dry,Douglas-fir - Dry,Douglas fir dry (SW),Douglas-fir,710270,Mediterranean California Dry-Mesic Mixed Conifer Forest and Woodland,Warm,1401615.875,974,6/24/2014,2014
Star Gulch,S02,SG02,PSME-QUCH2/RHDI6,Douglas-fir - Dry,Douglas-fir - Dry,Douglas fir dry (SW),Douglas-fir,710270,Mediterranean California Dry-Mesic Mixed Conifer Forest and Woodland,Warm,1372036.75,937,6/23/2014,2014
Star Gulch,S03,SG03,PSME-QUCH2/RHDI6,Douglas-fir - Dry,Douglas-fir - Dry,Douglas fir dry (SW),Douglas-fir,710270,Mediterranean California Dry-Mesic Mixed Conifer Forest and Woodland,Warm,1442915,1128,6/25/2014,2014
Star Gulch,S04,SG04,PSME-QUCH2/RHDI6,Douglas-fir - Dry,Douglas-fir - Moist,Douglas fir moist (SWO),Douglas-fir,710270,Mediterranean California Dry-Mesic Mixed Conifer Forest and Woodland,Cool,958876.375,1150,9/16/2014,2014
Star Gulch,S05,SG05,PSME-QUCH2/RHDI6,Douglas-fir - Dry,Douglas-fir - Moist,Douglas fir moist (SWO),Douglas-fir,710270,Mediterranean California Dry-Mesic Mixed Conifer Forest and Woodland,Cool,1024067.25,1062,6/18/2014,2014
Star Gulch,S06,SG06,PSME-QUCH2/RHDI6,Douglas-fir - Dry,Douglas-fir - Dry,Douglas fir dry (SW),Douglas-fir,710270,Mediterranean California Dry-Mesic Mixed Conifer Forest and Woodland,Warm,1209539,1105,6/18/2014,2014
Star Gulch,S07,SG07,PSME-QUCH2/RHDI6,Douglas-fir - Dry,Douglas-fir - Dry,Douglas fir dry (SW),Douglas-fir,710270,Mediterranean California Dry-Mesic Mixed Conifer Forest and Woodland,Warm,1144357.75,1101,6/17/2014,2014
Star Gulch,S08,StarA101,PSME-QUCH2/RHDI6,Douglas-fir - Dry,Douglas-fir - Dry,Douglas fir dry (SW),Douglas-fir,710270,Mediterranean California Dry-Mesic Mixed Conifer Forest and Woodland,Warm,1434627.5,1164,10/12/2011,2011
Star Gulch,S09,StarA102,PSME-QUCH2/RHDI6,Douglas-fir - Dry,Douglas-fir - Dry,Douglas fir dry (SW),Douglas-fir,710270,Mediterranean California Dry-Mesic Mixed Conifer Forest and Woodland,Warm,1446691.75,1108,10/12/2011,2011
Star Gulch,S10,StarA103,PSME-QUCH2/RHDI6,Douglas-fir - Dry,Douglas-fir - Dry,Douglas fir dry (SW),Douglas-fir,710270,Mediterranean California Dry-Mesic Mixed Conifer Forest and Woodland,Warm,1403850.625,1060,10/13/2011,2011
Star Gulch,SA,MST,PSME-QUCH2/RHDI6,Douglas-fir - Dry,Douglas-fir - Dry,Douglas fir dry (SW),Douglas-fir,710270,Mediterranean California Dry-Mesic Mixed Conifer Forest and Woodland,Warm,1422983.125,1038,2014,2014
Taylor Ridge,T01,TR08,LIDE3-PSME-QUCH2/RHDI6,Tan oak - Douglas-fir - Dry,Douglas-fir - Moist,Douglas fir moist (SWO),Douglas-fir,10431,Mediterranean California Mixed-Evergreen Forest -- Interior,Warm,1128343.125,457,11/7/2011,2011
Taylor Ridge,T02,TR09,LIDE3-PSME-QUCH2/RHDI6,Tan oak - Douglas-fir - Dry,Douglas-fir - Moist,Douglas fir moist (SWO),Douglas-fir,10431,Mediterranean California Mixed-Evergreen Forest -- Interior,Warm,1176819,451,11/7/2011,2011
Taylor Ridge,T03,TR10,LIDE3-PSME-QUCH2/RHDI6,Tan oak - Douglas-fir - Dry,Douglas-fir - Moist,Douglas fir moist (SWO),Douglas-fir,10431,Mediterranean California Mixed-Evergreen Forest -- Interior,Cool,999585.3125,409,11/8/2011,2011
Taylor Ridge,T04,TY01,LIDE3-PSME-QUCH2/RHDI6,Tan oak - Douglas-fir - Dry,Douglas-fir - Moist,Douglas fir moist (SWO),Douglas-fir,10431,Mediterranean California Mixed-Evergreen Forest -- Interior,Cool,728634.25,324,6/30/2014,2014
Taylor Ridge,T05,TY02,LIDE3-PSME-QUCH2/RHDI6,Tan oak - Douglas-fir - Dry,Douglas-fir - Moist,Douglas fir moist (SWO),Douglas-fir,10431,Mediterranean California Mixed-Evergreen Forest -- Interior,Cool,936109.9375,452,6/12/2014,2014
Taylor Ridge,T06,TY03,LIDE3-PSME-QUCH2/RHDI6,Tan oak - Douglas-fir - Dry,Douglas-fir - Moist,Douglas fir moist (SWO),Douglas-fir,10431,Mediterranean California Mixed-Evergreen Forest -- Interior,Cool,927144.375,381,7/7/2014,2014
Taylor Ridge,T07,TY04,LIDE3-PSME-QUCH2/RHDI6,Tan oak - Douglas-fir - Dry,Douglas-fir - Moist,Douglas fir moist (SWO),Douglas-fir,10431,Mediterranean California Mixed-Evergreen Forest -- Interior,Cool,1016484.188,319,7/3/2014,2014
Taylor Ridge,T08,TY05,LIDE3-PSME-QUCH2/RHDI6,Tan oak - Douglas-fir - Dry,Douglas-fir - Moist,Douglas fir moist (SWO),Douglas-fir,10431,Mediterranean California Mixed-Evergreen Forest -- Interior,Cool,988149.1875,500,6/30/2014,2014
Taylor Ridge,T09,TY06,LIDE3-PSME-QUCH2/RHDI6,Tan oak - Douglas-fir - Dry,Douglas-fir - Moist,Douglas fir moist (SWO),Douglas-fir,10431,Mediterranean California Mixed-Evergreen Forest -- Interior,Cool,1027685.688,481,7/1/2014,2014
Taylor Ridge,T10,TY07,LIDE3-PSME-QUCH2/RHDI6,Tan oak - Douglas-fir - Dry,Douglas-fir - Moist,Douglas fir moist (SWO),Douglas-fir,10431,Mediterranean California Mixed-Evergreen Forest -- Interior,Warm,1191053.125,480,8/27/2014,2014
Evans Creek,V01,MC01,PSME-CADE27/BEPI2,Douglas-fir - Dry,Douglas-fir - Moist,Douglas fir moist (SWO),Douglas-fir,710270,Mediterranean California Dry-Mesic Mixed Conifer Forest and Woodland,Cool,1048722.75,942,8/9/2012,2012
Evans Creek,V02,MC02,PSME-CADE27/BEPI2,Douglas-fir - Dry,Douglas-fir - Moist,Douglas fir moist (SWO),Douglas-fir,710270,Mediterranean California Dry-Mesic Mixed Conifer Forest and Woodland,Warm,1188335.875,916,8/9/2012,2012
Evans Creek,V03,MC03,PSME-CADE27/BEPI2,Douglas-fir - Dry,Douglas-fir - Moist,Douglas fir moist (SWO),Douglas-fir,710270,Mediterranean California Dry-Mesic Mixed Conifer Forest and Woodland,Warm,1212809.125,829,8/9/2012,2012
Evans Creek,V04,MC04,ABCO/BENE2/ACTR,White fir - Intermediate,Douglas-fir - Moist,Douglas fir moist (SWO),Douglas-fir,710280,Mediterranean California Mesic Mixed Conifer Forest and Woodland,Cool,914412.1875,887,6/28/2012,2012
Evans Creek,V05,MC05,PSME-CADE27/BEPI2,Douglas-fir - Dry,Douglas-fir - Moist,Douglas fir moist (SWO),Douglas-fir,710270,Mediterranean California Dry-Mesic Mixed Conifer Forest and Woodland,Cool,1042004.938,805,8/7/2012,2012
Evans Creek,V06,MC06,PSME-CADE27/BEPI2,Douglas-fir - Dry,Douglas-fir - Moist,Douglas fir moist (SWO),Douglas-fir,710270,Mediterranean California Dry-Mesic Mixed Conifer Forest and Woodland,Warm,1370136.875,988,6/27/2012,2012
Evans Creek,V07,MC07,PSME-CADE27/BEPI2,Douglas-fir - Dry,Douglas-fir - Moist,Douglas fir moist (SWO),Douglas-fir,710270,Mediterranean California Dry-Mesic Mixed Conifer Forest and Woodland,Warm,1243669.875,928,6/27/2012,2012
Evans Creek,V08,MC08,PSME-ABCO,White fir - Intermediate,Douglas-fir - Moist,Douglas fir moist (SWO),Douglas-fir,710270,Mediterranean California Dry-Mesic Mixed Conifer Forest and Woodland,Warm,1407036.25,949,6/25/2012,2012
Evans Creek,V09,MC09,PSME-CADE27/BEPI2,Douglas-fir - Dry,Douglas-fir - Moist,Douglas fir moist (SWO),Douglas-fir,710270,Mediterranean California Dry-Mesic Mixed Conifer Forest and Woodland,Warm,1356551.25,878,6/26/2012,2012
Evans Creek,V10,MC10,PSME-CADE27/BEPI2,Douglas-fir - Dry,White fir - Intermediate,white fir intermediate,White fir,710270,Mediterranean California Dry-Mesic Mixed Conifer Forest and Woodland,Warm,1338952.5,900,6/26/2012,2012
Evans Creek,VA,MEV,PSME-CADE27/BEPI2,Douglas-fir - Dry,Douglas-fir - Moist,Douglas fir moist (SWO),Douglas-fir,710270,Mediterranean California Dry-Mesic Mixed Conifer Forest and Woodland,Warm,1266381.625,950,2012,2012
Boaz Gulch,Z01,BoazPML01,NA,NA,NA,NA,NA,NA,NA,Cool,1022257.063,1024,11/1/2011,2011
Boaz Gulch,Z02,BoazPRH01,NA,NA,NA,NA,NA,NA,NA,Warm,1196072.75,1035,11/1/2011,2011
Boaz Gulch,Z03,BoazPRL01,NA,NA,NA,NA,NA,NA,NA,Cool,1004773.563,1053,11/2/2011,2011
