species_group,slope_position,snag_dbh,snag_fall_rate
Douglas-fir (west OR),Other,Medium,0.018
Douglas-fir (west OR),Other,Large,0.006
Douglas-fir (west OR),Other,Small,0.046
Douglas-fir (west OR),Other,Medium,0.020
Douglas-fir (west OR),Other,Large,0.007
Douglas-fir (west OR),Other,Small,0.056
Douglas-fir (west OR),Other,Medium,0.025
Douglas-fir (west OR),Other,Large,0.008
Douglas-fir (west OR),Ridgetop,Small,0.073
Douglas-fir (west OR),Ridgetop,Medium,0.033
Douglas-fir (west OR),Ridgetop,Large,0.011
Douglas-fir (west OR),Ridgetop,Small,0.075
Douglas-fir (west OR),Ridgetop,Medium,0.034
Douglas-fir (west OR),Ridgetop,Large,0.011
Douglas-fir (west OR),Ridgetop,Small,0.080
Douglas-fir (west OR),Ridgetop,Medium,0.036
Douglas-fir (west OR),Ridgetop,Large,0.012
Douglas-fir (west OR),Other,Small,0.052
Douglas-fir (west OR),Other,Medium,0.023
Douglas-fir (west OR),Other,Large,0.008
Douglas-fir (west OR),Other,Small,0.056
Douglas-fir (west OR),Other,Medium,0.025
Douglas-fir (west OR),Other,Large,0.008
Douglas-fir (west OR),Other,Small,0.056
Douglas-fir (west OR),Other,Medium,0.025
Douglas-fir (west OR),Other,Large,0.008
Douglas-fir (west OR),Ridgetop,Small,0.094
Douglas-fir (west OR),Ridgetop,Medium,0.042
Douglas-fir (west OR),Ridgetop,Large,0.014
Douglas-fir (west OR),Ridgetop,Small,0.094
Douglas-fir (west OR),Ridgetop,Medium,0.042
Douglas-fir (west OR),Ridgetop,Large,0.014
Douglas-fir (west OR),Ridgetop,Small,0.094
Douglas-fir (west OR),Ridgetop,Medium,0.042
Douglas-fir (west OR),Ridgetop,Large,0.014
Douglas-fir (west OR),Other,Small,0.042
Douglas-fir (west OR),Other,Medium,0.019
Douglas-fir (west OR),Other,Large,0.006
Douglas-fir (west OR),Other,Small,0.047
Douglas-fir (west OR),Other,Medium,0.021
Douglas-fir (west OR),Other,Large,0.007
Douglas-fir (west OR),Other,Small,0.056
Douglas-fir (west OR),Other,Medium,0.025
Douglas-fir (west OR),Other,Large,0.008
Douglas-fir (west OR),Ridgetop,Small,0.080
Douglas-fir (west OR),Ridgetop,Medium,0.036
Douglas-fir (west OR),Ridgetop,Large,0.012
Douglas-fir (west OR),Ridgetop,Small,0.080
Douglas-fir (west OR),Ridgetop,Medium,0.036
Douglas-fir (west OR),Ridgetop,Large,0.012
Douglas-fir (west OR),Ridgetop,Small,0.085
Douglas-fir (west OR),Ridgetop,Medium,0.038
Douglas-fir (west OR),Ridgetop,Large,0.013
Douglas-fir (west OR),Other,Small,0.052
Douglas-fir (west OR),Other,Medium,0.023
Douglas-fir (west OR),Other,Large,0.008
Douglas-fir (west OR),Other,Small,0.056
Douglas-fir (west OR),Other,Medium,0.025
Douglas-fir (west OR),Other,Large,0.008
Douglas-fir (west OR),Other,Small,0.056
Douglas-fir (west OR),Other,Medium,0.025
Douglas-fir (west OR),Other,Large,0.008
Douglas-fir (west OR),Ridgetop,Small,0.094
Douglas-fir (west OR),Ridgetop,Medium,0.042
Douglas-fir (west OR),Ridgetop,Large,0.014
Douglas-fir (west OR),Ridgetop,Small,0.094
Douglas-fir (west OR),Ridgetop,Medium,0.042
Douglas-fir (west OR),Ridgetop,Large,0.014
Douglas-fir (west OR),Ridgetop,Small,0.094
Douglas-fir (west OR),Ridgetop,Medium,0.042
Douglas-fir (west OR),Ridgetop,Large,0.014
Douglas-fir (west OR),Other,Small,0.046
Douglas-fir (west OR),Other,Medium,0.020
Douglas-fir (west OR),Other,Large,0.007
Douglas-fir (west OR),Other,Small,0.052
Douglas-fir (west OR),Other,Medium,0.023
Douglas-fir (west OR),Other,Large,0.008
Douglas-fir (west OR),Other,Small,0.056
Douglas-fir (west OR),Other,Medium,0.025
Douglas-fir (west OR),Other,Large,0.008
Douglas-fir (west OR),Ridgetop,Small,0.087
Douglas-fir (west OR),Ridgetop,Medium,0.039
Douglas-fir (west OR),Ridgetop,Large,0.013
Douglas-fir (west OR),Ridgetop,Small,0.087
Douglas-fir (west OR),Ridgetop,Medium,0.039
Douglas-fir (west OR),Ridgetop,Large,0.013
Douglas-fir (west OR),Ridgetop,Small,0.089
Douglas-fir (west OR),Ridgetop,Medium,0.040
Douglas-fir (west OR),Ridgetop,Large,0.013
Douglas-fir (west OR),Other,Small,0.052
Douglas-fir (west OR),Other,Medium,0.023
Douglas-fir (west OR),Other,Large,0.008
Douglas-fir (west OR),Other,Small,0.056
Douglas-fir (west OR),Other,Medium,0.025
Douglas-fir (west OR),Other,Large,0.008
Douglas-fir (west OR),Other,Small,0.056
Douglas-fir (west OR),Other,Medium,0.025
Douglas-fir (west OR),Other,Large,0.008
Douglas-fir (west OR),Ridgetop,Small,0.094
Douglas-fir (west OR),Ridgetop,Medium,0.042
Douglas-fir (west OR),Ridgetop,Large,0.014
Douglas-fir (west OR),Ridgetop,Small,0.094
Douglas-fir (west OR),Ridgetop,Medium,0.042
Douglas-fir (west OR),Ridgetop,Large,0.014
Douglas-fir (west OR),Ridgetop,Small,0.094
Douglas-fir (west OR),Ridgetop,Medium,0.042
Douglas-fir (west OR),Ridgetop,Large,0.014
Douglas-fir (west WA),Other,Small,0.032
Douglas-fir (west WA),Other,Medium,0.016
Douglas-fir (west WA),Other,Large,0.009
Douglas-fir (west WA),Other,Small,0.035
Douglas-fir (west WA),Other,Medium,0.018
Douglas-fir (west WA),Other,Large,0.010
Douglas-fir (west WA),Other,Small,0.043
Douglas-fir (west WA),Other,Medium,0.022
Douglas-fir (west WA),Other,Large,0.012
Douglas-fir (west WA),Ridgetop,Small,0.056
Douglas-fir (west WA),Ridgetop,Medium,0.028
Douglas-fir (west WA),Ridgetop,Large,0.016
Douglas-fir (west WA),Ridgetop,Small,0.058
Douglas-fir (west WA),Ridgetop,Medium,0.029
Douglas-fir (west WA),Ridgetop,Large,0.016
Douglas-fir (west WA),Ridgetop,Small,0.061
Douglas-fir (west WA),Ridgetop,Medium,0.031
Douglas-fir (west WA),Ridgetop,Large,0.017
Douglas-fir (west WA),Other,Small,0.040
Douglas-fir (west WA),Other,Medium,0.020
Douglas-fir (west WA),Other,Large,0.011
Douglas-fir (west WA),Other,Small,0.043
Douglas-fir (west WA),Other,Medium,0.022
Douglas-fir (west WA),Other,Large,0.012
Douglas-fir (west WA),Other,Small,0.043
Douglas-fir (west WA),Other,Medium,0.022
Douglas-fir (west WA),Other,Large,0.012
Douglas-fir (west WA),Ridgetop,Small,0.072
Douglas-fir (west WA),Ridgetop,Medium,0.036
Douglas-fir (west WA),Ridgetop,Large,0.020
Douglas-fir (west WA),Ridgetop,Small,0.072
Douglas-fir (west WA),Ridgetop,Medium,0.036
Douglas-fir (west WA),Ridgetop,Large,0.020
Douglas-fir (west WA),Ridgetop,Small,0.072
Douglas-fir (west WA),Ridgetop,Medium,0.036
Douglas-fir (west WA),Ridgetop,Large,0.020
Douglas-fir (west WA),Other,Small,0.032
Douglas-fir (west WA),Other,Medium,0.016
Douglas-fir (west WA),Other,Large,0.009
Douglas-fir (west WA),Other,Small,0.036
Douglas-fir (west WA),Other,Medium,0.018
Douglas-fir (west WA),Other,Large,0.010
Douglas-fir (west WA),Other,Small,0.043
Douglas-fir (west WA),Other,Medium,0.022
Douglas-fir (west WA),Other,Large,0.012
Douglas-fir (west WA),Ridgetop,Small,0.061
Douglas-fir (west WA),Ridgetop,Medium,0.031
Douglas-fir (west WA),Ridgetop,Large,0.017
Douglas-fir (west WA),Ridgetop,Small,0.061
Douglas-fir (west WA),Ridgetop,Medium,0.031
Douglas-fir (west WA),Ridgetop,Large,0.017
Douglas-fir (west WA),Ridgetop,Small,0.065
Douglas-fir (west WA),Ridgetop,Medium,0.032
Douglas-fir (west WA),Ridgetop,Large,0.018
Douglas-fir (west WA),Other,Small,0.040
Douglas-fir (west WA),Other,Medium,0.020
Douglas-fir (west WA),Other,Large,0.011
Douglas-fir (west WA),Other,Small,0.043
Douglas-fir (west WA),Other,Medium,0.022
Douglas-fir (west WA),Other,Large,0.012
Douglas-fir (west WA),Other,Small,0.043
Douglas-fir (west WA),Other,Medium,0.022
Douglas-fir (west WA),Other,Large,0.012
Douglas-fir (west WA),Ridgetop,Small,0.072
Douglas-fir (west WA),Ridgetop,Medium,0.036
Douglas-fir (west WA),Ridgetop,Large,0.020
Douglas-fir (west WA),Ridgetop,Small,0.072
Douglas-fir (west WA),Ridgetop,Medium,0.036
Douglas-fir (west WA),Ridgetop,Large,0.020
Douglas-fir (west WA),Ridgetop,Small,0.072
Douglas-fir (west WA),Ridgetop,Medium,0.036
Douglas-fir (west WA),Ridgetop,Large,0.020
Douglas-fir (west WA),Other,Small,0.035
Douglas-fir (west WA),Other,Medium,0.018
Douglas-fir (west WA),Other,Large,0.010
Douglas-fir (west WA),Other,Small,0.040
Douglas-fir (west WA),Other,Medium,0.020
Douglas-fir (west WA),Other,Large,0.011
Douglas-fir (west WA),Other,Small,0.043
Douglas-fir (west WA),Other,Medium,0.022
Douglas-fir (west WA),Other,Large,0.012
Douglas-fir (west WA),Ridgetop,Small,0.067
Douglas-fir (west WA),Ridgetop,Medium,0.033
Douglas-fir (west WA),Ridgetop,Large,0.019
Douglas-fir (west WA),Ridgetop,Small,0.067
Douglas-fir (west WA),Ridgetop,Medium,0.033
Douglas-fir (west WA),Ridgetop,Large,0.019
Douglas-fir (west WA),Ridgetop,Small,0.068
Douglas-fir (west WA),Ridgetop,Medium,0.034
Douglas-fir (west WA),Ridgetop,Large,0.019
Douglas-fir (west WA),Other,Small,0.040
Douglas-fir (west WA),Other,Medium,0.020
Douglas-fir (west WA),Other,Large,0.011
Douglas-fir (west WA),Other,Small,0.043
Douglas-fir (west WA),Other,Medium,0.022
Douglas-fir (west WA),Other,Large,0.012
Douglas-fir (west WA),Other,Small,0.043
Douglas-fir (west WA),Other,Medium,0.022
Douglas-fir (west WA),Other,Large,0.012
Douglas-fir (west WA),Ridgetop,Small,0.072
Douglas-fir (west WA),Ridgetop,Medium,0.036
Douglas-fir (west WA),Ridgetop,Large,0.020
Douglas-fir (west WA),Ridgetop,Small,0.072
Douglas-fir (west WA),Ridgetop,Medium,0.036
Douglas-fir (west WA),Ridgetop,Large,0.020
Douglas-fir (west WA),Ridgetop,Small,0.072
Douglas-fir (west WA),Ridgetop,Medium,0.036
Douglas-fir (west WA),Ridgetop,Large,0.020
Douglas-fir (east OR),Other,Small,0.067
Douglas-fir (east OR),Other,Medium,0.028
Douglas-fir (east OR),Other,Large,0.016
Douglas-fir (east OR),Other,Small,0.074
Douglas-fir (east OR),Other,Medium,0.031
Douglas-fir (east OR),Other,Large,0.018
Douglas-fir (east OR),Other,Small,0.091
Douglas-fir (east OR),Other,Medium,0.038
Douglas-fir (east OR),Other,Large,0.022
Douglas-fir (east OR),Ridgetop,Small,0.118
Douglas-fir (east OR),Ridgetop,Medium,0.050
Douglas-fir (east OR),Ridgetop,Large,0.028
Douglas-fir (east OR),Ridgetop,Small,0.122
Douglas-fir (east OR),Ridgetop,Medium,0.051
Douglas-fir (east OR),Ridgetop,Large,0.029
Douglas-fir (east OR),Ridgetop,Small,0.129
Douglas-fir (east OR),Ridgetop,Medium,0.054
Douglas-fir (east OR),Ridgetop,Large,0.031
Douglas-fir (east OR),Other,Small,0.084
Douglas-fir (east OR),Other,Medium,0.035
Douglas-fir (east OR),Other,Large,0.020
Douglas-fir (east OR),Other,Small,0.091
Douglas-fir (east OR),Other,Medium,0.038
Douglas-fir (east OR),Other,Large,0.022
Douglas-fir (east OR),Other,Small,0.091
Douglas-fir (east OR),Other,Medium,0.038
Douglas-fir (east OR),Other,Large,0.022
Douglas-fir (east OR),Ridgetop,Small,0.152
Douglas-fir (east OR),Ridgetop,Medium,0.064
Douglas-fir (east OR),Ridgetop,Large,0.036
Douglas-fir (east OR),Ridgetop,Small,0.152
Douglas-fir (east OR),Ridgetop,Medium,0.064
Douglas-fir (east OR),Ridgetop,Large,0.036
Douglas-fir (east OR),Ridgetop,Small,0.152
Douglas-fir (east OR),Ridgetop,Medium,0.064
Douglas-fir (east OR),Ridgetop,Large,0.036
Douglas-fir (east OR),Other,Small,0.068
Douglas-fir (east OR),Other,Medium,0.029
Douglas-fir (east OR),Other,Large,0.016
Douglas-fir (east OR),Other,Small,0.076
Douglas-fir (east OR),Other,Medium,0.032
Douglas-fir (east OR),Other,Large,0.018
Douglas-fir (east OR),Other,Small,0.091
Douglas-fir (east OR),Other,Medium,0.038
Douglas-fir (east OR),Other,Large,0.022
Douglas-fir (east OR),Ridgetop,Small,0.129
Douglas-fir (east OR),Ridgetop,Medium,0.054
Douglas-fir (east OR),Ridgetop,Large,0.031
Douglas-fir (east OR),Ridgetop,Small,0.129
Douglas-fir (east OR),Ridgetop,Medium,0.054
Douglas-fir (east OR),Ridgetop,Large,0.031
Douglas-fir (east OR),Ridgetop,Small,0.137
Douglas-fir (east OR),Ridgetop,Medium,0.058
Douglas-fir (east OR),Ridgetop,Large,0.032
Douglas-fir (east OR),Other,Small,0.084
Douglas-fir (east OR),Other,Medium,0.035
Douglas-fir (east OR),Other,Large,0.020
Douglas-fir (east OR),Other,Small,0.091
Douglas-fir (east OR),Other,Medium,0.038
Douglas-fir (east OR),Other,Large,0.022
Douglas-fir (east OR),Other,Small,0.091
Douglas-fir (east OR),Other,Medium,0.038
Douglas-fir (east OR),Other,Large,0.022
Douglas-fir (east OR),Ridgetop,Small,0.152
Douglas-fir (east OR),Ridgetop,Medium,0.064
Douglas-fir (east OR),Ridgetop,Large,0.036
Douglas-fir (east OR),Ridgetop,Small,0.152
Douglas-fir (east OR),Ridgetop,Medium,0.064
Douglas-fir (east OR),Ridgetop,Large,0.036
Douglas-fir (east OR),Ridgetop,Small,0.152
Douglas-fir (east OR),Ridgetop,Medium,0.064
Douglas-fir (east OR),Ridgetop,Large,0.036
Douglas-fir (east OR),Other,Small,0.074
Douglas-fir (east OR),Other,Medium,0.031
Douglas-fir (east OR),Other,Large,0.018
Douglas-fir (east OR),Other,Small,0.084
Douglas-fir (east OR),Other,Medium,0.035
Douglas-fir (east OR),Other,Large,0.020
Douglas-fir (east OR),Other,Small,0.091
Douglas-fir (east OR),Other,Medium,0.038
Douglas-fir (east OR),Other,Large,0.022
Douglas-fir (east OR),Ridgetop,Small,0.141
Douglas-fir (east OR),Ridgetop,Medium,0.059
Douglas-fir (east OR),Ridgetop,Large,0.033
Douglas-fir (east OR),Ridgetop,Small,0.141
Douglas-fir (east OR),Ridgetop,Medium,0.059
Douglas-fir (east OR),Ridgetop,Large,0.033
Douglas-fir (east OR),Ridgetop,Small,0.144
Douglas-fir (east OR),Ridgetop,Medium,0.061
Douglas-fir (east OR),Ridgetop,Large,0.034
Douglas-fir (east OR),Other,Small,0.084
Douglas-fir (east OR),Other,Medium,0.035
Douglas-fir (east OR),Other,Large,0.020
Douglas-fir (east OR),Other,Small,0.091
Douglas-fir (east OR),Other,Medium,0.038
Douglas-fir (east OR),Other,Large,0.022
Douglas-fir (east OR),Other,Small,0.091
Douglas-fir (east OR),Other,Medium,0.038
Douglas-fir (east OR),Other,Large,0.022
Douglas-fir (east OR),Ridgetop,Small,0.152
Douglas-fir (east OR),Ridgetop,Medium,0.064
Douglas-fir (east OR),Ridgetop,Large,0.036
Douglas-fir (east OR),Ridgetop,Small,0.152
Douglas-fir (east OR),Ridgetop,Medium,0.064
Douglas-fir (east OR),Ridgetop,Large,0.036
Douglas-fir (east OR),Ridgetop,Small,0.152
Douglas-fir (east OR),Ridgetop,Medium,0.064
Douglas-fir (east OR),Ridgetop,Large,0.036
Douglas-fir (east WA),Other,Small,0.051
Douglas-fir (east WA),Other,Medium,0.022
Douglas-fir (east WA),Other,Large,0.016
Douglas-fir (east WA),Other,Small,0.057
Douglas-fir (east WA),Other,Medium,0.024
Douglas-fir (east WA),Other,Large,0.018
Douglas-fir (east WA),Other,Small,0.070
Douglas-fir (east WA),Other,Medium,0.030
Douglas-fir (east WA),Other,Large,0.022
Douglas-fir (east WA),Ridgetop,Small,0.090
Douglas-fir (east WA),Ridgetop,Medium,0.039
Douglas-fir (east WA),Ridgetop,Large,0.028
Douglas-fir (east WA),Ridgetop,Small,0.093
Douglas-fir (east WA),Ridgetop,Medium,0.040
Douglas-fir (east WA),Ridgetop,Large,0.029
Douglas-fir (east WA),Ridgetop,Small,0.099
Douglas-fir (east WA),Ridgetop,Medium,0.043
Douglas-fir (east WA),Ridgetop,Large,0.031
Douglas-fir (east WA),Other,Small,0.064
Douglas-fir (east WA),Other,Medium,0.028
Douglas-fir (east WA),Other,Large,0.020
Douglas-fir (east WA),Other,Small,0.070
Douglas-fir (east WA),Other,Medium,0.030
Douglas-fir (east WA),Other,Large,0.022
Douglas-fir (east WA),Other,Small,0.070
Douglas-fir (east WA),Other,Medium,0.030
Douglas-fir (east WA),Other,Large,0.022
Douglas-fir (east WA),Ridgetop,Small,0.116
Douglas-fir (east WA),Ridgetop,Medium,0.050
Douglas-fir (east WA),Ridgetop,Large,0.036
Douglas-fir (east WA),Ridgetop,Small,0.116
Douglas-fir (east WA),Ridgetop,Medium,0.050
Douglas-fir (east WA),Ridgetop,Large,0.036
Douglas-fir (east WA),Ridgetop,Small,0.116
Douglas-fir (east WA),Ridgetop,Medium,0.050
Douglas-fir (east WA),Ridgetop,Large,0.036
Douglas-fir (east WA),Other,Small,0.052
Douglas-fir (east WA),Other,Medium,0.023
Douglas-fir (east WA),Other,Large,0.016
Douglas-fir (east WA),Other,Small,0.058
Douglas-fir (east WA),Other,Medium,0.025
Douglas-fir (east WA),Other,Large,0.018
Douglas-fir (east WA),Other,Small,0.070
Douglas-fir (east WA),Other,Medium,0.030
Douglas-fir (east WA),Other,Large,0.022
Douglas-fir (east WA),Ridgetop,Small,0.099
Douglas-fir (east WA),Ridgetop,Medium,0.043
Douglas-fir (east WA),Ridgetop,Large,0.031
Douglas-fir (east WA),Ridgetop,Small,0.099
Douglas-fir (east WA),Ridgetop,Medium,0.043
Douglas-fir (east WA),Ridgetop,Large,0.031
Douglas-fir (east WA),Ridgetop,Small,0.104
Douglas-fir (east WA),Ridgetop,Medium,0.045
Douglas-fir (east WA),Ridgetop,Large,0.032
Douglas-fir (east WA),Other,Small,0.064
Douglas-fir (east WA),Other,Medium,0.028
Douglas-fir (east WA),Other,Large,0.020
Douglas-fir (east WA),Other,Small,0.070
Douglas-fir (east WA),Other,Medium,0.030
Douglas-fir (east WA),Other,Large,0.022
Douglas-fir (east WA),Other,Small,0.070
Douglas-fir (east WA),Other,Medium,0.030
Douglas-fir (east WA),Other,Large,0.022
Douglas-fir (east WA),Ridgetop,Small,0.116
Douglas-fir (east WA),Ridgetop,Medium,0.050
Douglas-fir (east WA),Ridgetop,Large,0.036
Douglas-fir (east WA),Ridgetop,Small,0.116
Douglas-fir (east WA),Ridgetop,Medium,0.050
Douglas-fir (east WA),Ridgetop,Large,0.036
Douglas-fir (east WA),Ridgetop,Small,0.116
Douglas-fir (east WA),Ridgetop,Medium,0.050
Douglas-fir (east WA),Ridgetop,Large,0.036
Douglas-fir (east WA),Other,Small,0.057
Douglas-fir (east WA),Other,Medium,0.024
Douglas-fir (east WA),Other,Large,0.018
Douglas-fir (east WA),Other,Small,0.064
Douglas-fir (east WA),Other,Medium,0.028
Douglas-fir (east WA),Other,Large,0.020
Douglas-fir (east WA),Other,Small,0.070
Douglas-fir (east WA),Other,Medium,0.030
Douglas-fir (east WA),Other,Large,0.022
Douglas-fir (east WA),Ridgetop,Small,0.107
Douglas-fir (east WA),Ridgetop,Medium,0.046
Douglas-fir (east WA),Ridgetop,Large,0.033
Douglas-fir (east WA),Ridgetop,Small,0.107
Douglas-fir (east WA),Ridgetop,Medium,0.046
Douglas-fir (east WA),Ridgetop,Large,0.033
Douglas-fir (east WA),Ridgetop,Small,0.110
Douglas-fir (east WA),Ridgetop,Medium,0.048
Douglas-fir (east WA),Ridgetop,Large,0.034
Douglas-fir (east WA),Other,Small,0.064
Douglas-fir (east WA),Other,Medium,0.028
Douglas-fir (east WA),Other,Large,0.020
Douglas-fir (east WA),Other,Small,0.070
Douglas-fir (east WA),Other,Medium,0.030
Douglas-fir (east WA),Other,Large,0.022
Douglas-fir (east WA),Other,Small,0.070
Douglas-fir (east WA),Other,Medium,0.030
Douglas-fir (east WA),Other,Large,0.022
Douglas-fir (east WA),Ridgetop,Small,0.116
Douglas-fir (east WA),Ridgetop,Medium,0.050
Douglas-fir (east WA),Ridgetop,Large,0.036
Douglas-fir (east WA),Ridgetop,Small,0.116
Douglas-fir (east WA),Ridgetop,Medium,0.050
Douglas-fir (east WA),Ridgetop,Large,0.036
Douglas-fir (east WA),Ridgetop,Small,0.116
Douglas-fir (east WA),Ridgetop,Medium,0.050
Douglas-fir (east WA),Ridgetop,Large,0.036
Western white pine,Other,Small,0.030
Western white pine,Other,Medium,0.012
Western white pine,Other,Large,0.011
Western white pine,Other,Small,0.033
Western white pine,Other,Medium,0.014
Western white pine,Other,Large,0.012
Western white pine,Other,Small,0.041
Western white pine,Other,Medium,0.017
Western white pine,Other,Large,0.014
Western white pine,Ridgetop,Small,0.053
Western white pine,Ridgetop,Medium,0.022
Western white pine,Ridgetop,Large,0.019
Western white pine,Ridgetop,Small,0.054
Western white pine,Ridgetop,Medium,0.022
Western white pine,Ridgetop,Large,0.019
Western white pine,Ridgetop,Small,0.058
Western white pine,Ridgetop,Medium,0.024
Western white pine,Ridgetop,Large,0.020
Western white pine,Other,Small,0.037
Western white pine,Other,Medium,0.015
Western white pine,Other,Large,0.013
Western white pine,Other,Small,0.041
Western white pine,Other,Medium,0.017
Western white pine,Other,Large,0.014
Western white pine,Other,Small,0.041
Western white pine,Other,Medium,0.017
Western white pine,Other,Large,0.014
Western white pine,Ridgetop,Small,0.068
Western white pine,Ridgetop,Medium,0.028
Western white pine,Ridgetop,Large,0.024
Western white pine,Ridgetop,Small,0.068
Western white pine,Ridgetop,Medium,0.028
Western white pine,Ridgetop,Large,0.024
Western white pine,Ridgetop,Small,0.068
Western white pine,Ridgetop,Medium,0.028
Western white pine,Ridgetop,Large,0.024
Western white pine,Other,Small,0.031
Western white pine,Other,Medium,0.013
Western white pine,Other,Large,0.011
Western white pine,Other,Small,0.034
Western white pine,Other,Medium,0.014
Western white pine,Other,Large,0.012
Western white pine,Other,Small,0.041
Western white pine,Other,Medium,0.017
Western white pine,Other,Large,0.014
Western white pine,Ridgetop,Small,0.058
Western white pine,Ridgetop,Medium,0.024
Western white pine,Ridgetop,Large,0.020
Western white pine,Ridgetop,Small,0.058
Western white pine,Ridgetop,Medium,0.024
Western white pine,Ridgetop,Large,0.020
Western white pine,Ridgetop,Small,0.061
Western white pine,Ridgetop,Medium,0.025
Western white pine,Ridgetop,Large,0.022
Western white pine,Other,Small,0.037
Western white pine,Other,Medium,0.015
Western white pine,Other,Large,0.013
Western white pine,Other,Small,0.041
Western white pine,Other,Medium,0.017
Western white pine,Other,Large,0.014
Western white pine,Other,Small,0.041
Western white pine,Other,Medium,0.017
Western white pine,Other,Large,0.014
Western white pine,Ridgetop,Small,0.068
Western white pine,Ridgetop,Medium,0.028
Western white pine,Ridgetop,Large,0.024
Western white pine,Ridgetop,Small,0.068
Western white pine,Ridgetop,Medium,0.028
Western white pine,Ridgetop,Large,0.024
Western white pine,Ridgetop,Small,0.068
Western white pine,Ridgetop,Medium,0.028
Western white pine,Ridgetop,Large,0.024
Western white pine,Other,Small,0.033
Western white pine,Other,Medium,0.014
Western white pine,Other,Large,0.012
Western white pine,Other,Small,0.037
Western white pine,Other,Medium,0.015
Western white pine,Other,Large,0.013
Western white pine,Other,Small,0.041
Western white pine,Other,Medium,0.017
Western white pine,Other,Large,0.014
Western white pine,Ridgetop,Small,0.063
Western white pine,Ridgetop,Medium,0.026
Western white pine,Ridgetop,Large,0.022
Western white pine,Ridgetop,Small,0.063
Western white pine,Ridgetop,Medium,0.026
Western white pine,Ridgetop,Large,0.022
Western white pine,Ridgetop,Small,0.065
Western white pine,Ridgetop,Medium,0.027
Western white pine,Ridgetop,Large,0.023
Western white pine,Other,Small,0.037
Western white pine,Other,Medium,0.015
Western white pine,Other,Large,0.013
Western white pine,Other,Small,0.041
Western white pine,Other,Medium,0.017
Western white pine,Other,Large,0.014
Western white pine,Other,Small,0.041
Western white pine,Other,Medium,0.017
Western white pine,Other,Large,0.014
Western white pine,Ridgetop,Small,0.068
Western white pine,Ridgetop,Medium,0.028
Western white pine,Ridgetop,Large,0.024
Western white pine,Ridgetop,Small,0.068
Western white pine,Ridgetop,Medium,0.028
Western white pine,Ridgetop,Large,0.024
Western white pine,Ridgetop,Small,0.068
Western white pine,Ridgetop,Medium,0.028
Western white pine,Ridgetop,Large,0.024
Western larch,Other,Small,0.054
Western larch,Other,Medium,0.028
Western larch,Other,Large,0.025
Western larch,Other,Small,0.060
Western larch,Other,Medium,0.031
Western larch,Other,Large,0.027
Western larch,Other,Small,0.074
Western larch,Other,Medium,0.038
Western larch,Other,Large,0.034
Western larch,Ridgetop,Small,0.096
Western larch,Ridgetop,Medium,0.050
Western larch,Ridgetop,Large,0.043
Western larch,Ridgetop,Small,0.099
Western larch,Ridgetop,Medium,0.051
Western larch,Ridgetop,Large,0.045
Western larch,Ridgetop,Small,0.105
Western larch,Ridgetop,Medium,0.054
Western larch,Ridgetop,Large,0.048
Western larch,Other,Small,0.068
Western larch,Other,Medium,0.035
Western larch,Other,Large,0.031
Western larch,Other,Small,0.074
Western larch,Other,Medium,0.038
Western larch,Other,Large,0.034
Western larch,Other,Small,0.074
Western larch,Other,Medium,0.038
Western larch,Other,Large,0.034
Western larch,Ridgetop,Small,0.124
Western larch,Ridgetop,Medium,0.064
Western larch,Ridgetop,Large,0.056
Western larch,Ridgetop,Small,0.124
Western larch,Ridgetop,Medium,0.064
Western larch,Ridgetop,Large,0.056
Western larch,Ridgetop,Small,0.124
Western larch,Ridgetop,Medium,0.064
Western larch,Ridgetop,Large,0.056
Western larch,Other,Small,0.056
Western larch,Other,Medium,0.029
Western larch,Other,Large,0.025
Western larch,Other,Small,0.062
Western larch,Other,Medium,0.032
Western larch,Other,Large,0.028
Western larch,Other,Small,0.074
Western larch,Other,Medium,0.038
Western larch,Other,Large,0.034
Western larch,Ridgetop,Small,0.105
Western larch,Ridgetop,Medium,0.054
Western larch,Ridgetop,Large,0.048
Western larch,Ridgetop,Small,0.105
Western larch,Ridgetop,Medium,0.054
Western larch,Ridgetop,Large,0.048
Western larch,Ridgetop,Small,0.112
Western larch,Ridgetop,Medium,0.058
Western larch,Ridgetop,Large,0.050
Western larch,Other,Small,0.068
Western larch,Other,Medium,0.035
Western larch,Other,Large,0.031
Western larch,Other,Small,0.074
Western larch,Other,Medium,0.038
Western larch,Other,Large,0.034
Western larch,Other,Small,0.074
Western larch,Other,Medium,0.038
Western larch,Other,Large,0.034
Western larch,Ridgetop,Small,0.124
Western larch,Ridgetop,Medium,0.064
Western larch,Ridgetop,Large,0.056
Western larch,Ridgetop,Small,0.124
Western larch,Ridgetop,Medium,0.064
Western larch,Ridgetop,Large,0.056
Western larch,Ridgetop,Small,0.124
Western larch,Ridgetop,Medium,0.064
Western larch,Ridgetop,Large,0.056
Western larch,Other,Small,0.060
Western larch,Other,Medium,0.031
Western larch,Other,Large,0.027
Western larch,Other,Small,0.068
Western larch,Other,Medium,0.035
Western larch,Other,Large,0.031
Western larch,Other,Small,0.074
Western larch,Other,Medium,0.038
Western larch,Other,Large,0.034
Western larch,Ridgetop,Small,0.115
Western larch,Ridgetop,Medium,0.059
Western larch,Ridgetop,Large,0.052
Western larch,Ridgetop,Small,0.115
Western larch,Ridgetop,Medium,0.059
Western larch,Ridgetop,Large,0.052
Western larch,Ridgetop,Small,0.118
Western larch,Ridgetop,Medium,0.061
Western larch,Ridgetop,Large,0.053
Western larch,Other,Small,0.068
Western larch,Other,Medium,0.035
Western larch,Other,Large,0.031
Western larch,Other,Small,0.074
Western larch,Other,Medium,0.038
Western larch,Other,Large,0.034
Western larch,Other,Small,0.074
Western larch,Other,Medium,0.038
Western larch,Other,Large,0.034
Western larch,Ridgetop,Small,0.124
Western larch,Ridgetop,Medium,0.064
Western larch,Ridgetop,Large,0.056
Western larch,Ridgetop,Small,0.124
Western larch,Ridgetop,Medium,0.064
Western larch,Ridgetop,Large,0.056
Western larch,Ridgetop,Small,0.124
Western larch,Ridgetop,Medium,0.064
Western larch,Ridgetop,Large,0.056
Western redcedar,Other,Small,0.036
Western redcedar,Other,Medium,0.009
Western redcedar,Other,Large,0.007
Western redcedar,Other,Small,0.040
Western redcedar,Other,Medium,0.010
Western redcedar,Other,Large,0.008
Western redcedar,Other,Small,0.049
Western redcedar,Other,Medium,0.012
Western redcedar,Other,Large,0.010
Western redcedar,Ridgetop,Small,0.064
Western redcedar,Ridgetop,Medium,0.016
Western redcedar,Ridgetop,Large,0.012
Western redcedar,Ridgetop,Small,0.066
Western redcedar,Ridgetop,Medium,0.016
Western redcedar,Ridgetop,Large,0.013
Western redcedar,Ridgetop,Small,0.070
Western redcedar,Ridgetop,Medium,0.017
Western redcedar,Ridgetop,Large,0.014
Western redcedar,Other,Small,0.045
Western redcedar,Other,Medium,0.011
Western redcedar,Other,Large,0.009
Western redcedar,Other,Small,0.049
Western redcedar,Other,Medium,0.012
Western redcedar,Other,Large,0.010
Western redcedar,Other,Small,0.049
Western redcedar,Other,Medium,0.012
Western redcedar,Other,Large,0.010
Western redcedar,Ridgetop,Small,0.082
Western redcedar,Ridgetop,Medium,0.020
Western redcedar,Ridgetop,Large,0.016
Western redcedar,Ridgetop,Small,0.082
Western redcedar,Ridgetop,Medium,0.020
Western redcedar,Ridgetop,Large,0.016
Western redcedar,Ridgetop,Small,0.082
Western redcedar,Ridgetop,Medium,0.020
Western redcedar,Ridgetop,Large,0.016
Western redcedar,Other,Small,0.037
Western redcedar,Other,Medium,0.009
Western redcedar,Other,Large,0.007
Western redcedar,Other,Small,0.041
Western redcedar,Other,Medium,0.010
Western redcedar,Other,Large,0.008
Western redcedar,Other,Small,0.049
Western redcedar,Other,Medium,0.012
Western redcedar,Other,Large,0.010
Western redcedar,Ridgetop,Small,0.070
Western redcedar,Ridgetop,Medium,0.017
Western redcedar,Ridgetop,Large,0.014
Western redcedar,Ridgetop,Small,0.070
Western redcedar,Ridgetop,Medium,0.017
Western redcedar,Ridgetop,Large,0.014
Western redcedar,Ridgetop,Small,0.074
Western redcedar,Ridgetop,Medium,0.018
Western redcedar,Ridgetop,Large,0.014
Western redcedar,Other,Small,0.045
Western redcedar,Other,Medium,0.011
Western redcedar,Other,Large,0.009
Western redcedar,Other,Small,0.049
Western redcedar,Other,Medium,0.012
Western redcedar,Other,Large,0.010
Western redcedar,Other,Small,0.049
Western redcedar,Other,Medium,0.012
Western redcedar,Other,Large,0.010
Western redcedar,Ridgetop,Small,0.082
Western redcedar,Ridgetop,Medium,0.020
Western redcedar,Ridgetop,Large,0.016
Western redcedar,Ridgetop,Small,0.082
Western redcedar,Ridgetop,Medium,0.020
Western redcedar,Ridgetop,Large,0.016
Western redcedar,Ridgetop,Small,0.082
Western redcedar,Ridgetop,Medium,0.020
Western redcedar,Ridgetop,Large,0.016
Western redcedar,Other,Small,0.040
Western redcedar,Other,Medium,0.010
Western redcedar,Other,Large,0.008
Western redcedar,Other,Small,0.045
Western redcedar,Other,Medium,0.011
Western redcedar,Other,Large,0.009
Western redcedar,Other,Small,0.049
Western redcedar,Other,Medium,0.012
Western redcedar,Other,Large,0.010
Western redcedar,Ridgetop,Small,0.076
Western redcedar,Ridgetop,Medium,0.019
Western redcedar,Ridgetop,Large,0.015
Western redcedar,Ridgetop,Small,0.076
Western redcedar,Ridgetop,Medium,0.019
Western redcedar,Ridgetop,Large,0.015
Western redcedar,Ridgetop,Small,0.078
Western redcedar,Ridgetop,Medium,0.019
Western redcedar,Ridgetop,Large,0.015
Western redcedar,Other,Small,0.045
Western redcedar,Other,Medium,0.011
Western redcedar,Other,Large,0.009
Western redcedar,Other,Small,0.049
Western redcedar,Other,Medium,0.012
Western redcedar,Other,Large,0.010
Western redcedar,Other,Small,0.049
Western redcedar,Other,Medium,0.012
Western redcedar,Other,Large,0.010
Western redcedar,Ridgetop,Small,0.082
Western redcedar,Ridgetop,Medium,0.020
Western redcedar,Ridgetop,Large,0.016
Western redcedar,Ridgetop,Small,0.082
Western redcedar,Ridgetop,Medium,0.020
Western redcedar,Ridgetop,Large,0.016
Western redcedar,Ridgetop,Small,0.082
Western redcedar,Ridgetop,Medium,0.020
Western redcedar,Ridgetop,Large,0.016
Pacific madrone,Other,Small,0.067
Pacific madrone,Other,Medium,0.066
Pacific madrone,Other,Large,0.066
Pacific madrone,Other,Small,0.075
Pacific madrone,Other,Medium,0.073
Pacific madrone,Other,Large,0.073
Pacific madrone,Other,Small,0.092
Pacific madrone,Other,Medium,0.090
Pacific madrone,Other,Large,0.090
Pacific madrone,Ridgetop,Small,0.119
Pacific madrone,Ridgetop,Medium,0.116
Pacific madrone,Ridgetop,Large,0.116
Pacific madrone,Ridgetop,Small,0.123
Pacific madrone,Ridgetop,Medium,0.120
Pacific madrone,Ridgetop,Large,0.120
Pacific madrone,Ridgetop,Small,0.131
Pacific madrone,Ridgetop,Medium,0.128
Pacific madrone,Ridgetop,Large,0.128
Pacific madrone,Other,Small,0.085
Pacific madrone,Other,Medium,0.083
Pacific madrone,Other,Large,0.083
Pacific madrone,Other,Small,0.092
Pacific madrone,Other,Medium,0.090
Pacific madrone,Other,Large,0.090
Pacific madrone,Other,Small,0.092
Pacific madrone,Other,Medium,0.090
Pacific madrone,Other,Large,0.090
Pacific madrone,Ridgetop,Small,0.154
Pacific madrone,Ridgetop,Medium,0.150
Pacific madrone,Ridgetop,Large,0.150
Pacific madrone,Ridgetop,Small,0.154
Pacific madrone,Ridgetop,Medium,0.150
Pacific madrone,Ridgetop,Large,0.150
Pacific madrone,Ridgetop,Small,0.154
Pacific madrone,Ridgetop,Medium,0.150
Pacific madrone,Ridgetop,Large,0.150
Pacific madrone,Other,Small,0.069
Pacific madrone,Other,Medium,0.068
Pacific madrone,Other,Large,0.068
Pacific madrone,Other,Small,0.077
Pacific madrone,Other,Medium,0.075
Pacific madrone,Other,Large,0.075
Pacific madrone,Other,Small,0.092
Pacific madrone,Other,Medium,0.090
Pacific madrone,Other,Large,0.090
Pacific madrone,Ridgetop,Small,0.131
Pacific madrone,Ridgetop,Medium,0.128
Pacific madrone,Ridgetop,Large,0.128
Pacific madrone,Ridgetop,Small,0.131
Pacific madrone,Ridgetop,Medium,0.128
Pacific madrone,Ridgetop,Large,0.128
Pacific madrone,Ridgetop,Small,0.139
Pacific madrone,Ridgetop,Medium,0.135
Pacific madrone,Ridgetop,Large,0.135
Pacific madrone,Other,Small,0.085
Pacific madrone,Other,Medium,0.083
Pacific madrone,Other,Large,0.083
Pacific madrone,Other,Small,0.092
Pacific madrone,Other,Medium,0.090
Pacific madrone,Other,Large,0.090
Pacific madrone,Other,Small,0.092
Pacific madrone,Other,Medium,0.090
Pacific madrone,Other,Large,0.090
Pacific madrone,Ridgetop,Small,0.154
Pacific madrone,Ridgetop,Medium,0.150
Pacific madrone,Ridgetop,Large,0.150
Pacific madrone,Ridgetop,Small,0.154
Pacific madrone,Ridgetop,Medium,0.150
Pacific madrone,Ridgetop,Large,0.150
Pacific madrone,Ridgetop,Small,0.154
Pacific madrone,Ridgetop,Medium,0.150
Pacific madrone,Ridgetop,Large,0.150
Pacific madrone,Other,Small,0.075
Pacific madrone,Other,Medium,0.073
Pacific madrone,Other,Large,0.073
Pacific madrone,Other,Small,0.085
Pacific madrone,Other,Medium,0.083
Pacific madrone,Other,Large,0.083
Pacific madrone,Other,Small,0.092
Pacific madrone,Other,Medium,0.090
Pacific madrone,Other,Large,0.090
Pacific madrone,Ridgetop,Small,0.142
Pacific madrone,Ridgetop,Medium,0.139
Pacific madrone,Ridgetop,Large,0.139
Pacific madrone,Ridgetop,Small,0.142
Pacific madrone,Ridgetop,Medium,0.139
Pacific madrone,Ridgetop,Large,0.139
Pacific madrone,Ridgetop,Small,0.146
Pacific madrone,Ridgetop,Medium,0.143
Pacific madrone,Ridgetop,Large,0.143
Pacific madrone,Other,Small,0.085
Pacific madrone,Other,Medium,0.083
Pacific madrone,Other,Large,0.083
Pacific madrone,Other,Small,0.092
Pacific madrone,Other,Medium,0.090
Pacific madrone,Other,Large,0.090
Pacific madrone,Other,Small,0.092
Pacific madrone,Other,Medium,0.090
Pacific madrone,Other,Large,0.090
Pacific madrone,Ridgetop,Small,0.154
Pacific madrone,Ridgetop,Medium,0.150
Pacific madrone,Ridgetop,Large,0.150
Pacific madrone,Ridgetop,Small,0.154
Pacific madrone,Ridgetop,Medium,0.150
Pacific madrone,Ridgetop,Large,0.150
Pacific madrone,Ridgetop,Small,0.154
Pacific madrone,Ridgetop,Medium,0.150
Pacific madrone,Ridgetop,Large,0.150
Lodgepole pine,Other,Small,0.076
Lodgepole pine,Other,Medium,0.069
Lodgepole pine,Other,Large,0.069
Lodgepole pine,Other,Small,0.085
Lodgepole pine,Other,Medium,0.077
Lodgepole pine,Other,Large,0.077
Lodgepole pine,Other,Small,0.104
Lodgepole pine,Other,Medium,0.095
Lodgepole pine,Other,Large,0.095
Lodgepole pine,Ridgetop,Small,0.135
Lodgepole pine,Ridgetop,Medium,0.122
Lodgepole pine,Ridgetop,Large,0.122
Lodgepole pine,Ridgetop,Small,0.139
Lodgepole pine,Ridgetop,Medium,0.126
Lodgepole pine,Ridgetop,Large,0.126
Lodgepole pine,Ridgetop,Small,0.148
Lodgepole pine,Ridgetop,Medium,0.134
Lodgepole pine,Ridgetop,Large,0.134
Lodgepole pine,Other,Small,0.096
Lodgepole pine,Other,Medium,0.087
Lodgepole pine,Other,Large,0.087
Lodgepole pine,Other,Small,0.104
Lodgepole pine,Other,Medium,0.095
Lodgepole pine,Other,Large,0.095
Lodgepole pine,Other,Small,0.104
Lodgepole pine,Other,Medium,0.095
Lodgepole pine,Other,Large,0.095
Lodgepole pine,Ridgetop,Small,0.174
Lodgepole pine,Ridgetop,Medium,0.158
Lodgepole pine,Ridgetop,Large,0.158
Lodgepole pine,Ridgetop,Small,0.174
Lodgepole pine,Ridgetop,Medium,0.158
Lodgepole pine,Ridgetop,Large,0.158
Lodgepole pine,Ridgetop,Small,0.174
Lodgepole pine,Ridgetop,Medium,0.158
Lodgepole pine,Ridgetop,Large,0.158
Lodgepole pine,Other,Small,0.078
Lodgepole pine,Other,Medium,0.071
Lodgepole pine,Other,Large,0.071
Lodgepole pine,Other,Small,0.087
Lodgepole pine,Other,Medium,0.079
Lodgepole pine,Other,Large,0.079
Lodgepole pine,Other,Small,0.104
Lodgepole pine,Other,Medium,0.095
Lodgepole pine,Other,Large,0.095
Lodgepole pine,Ridgetop,Small,0.148
Lodgepole pine,Ridgetop,Medium,0.134
Lodgepole pine,Ridgetop,Large,0.134
Lodgepole pine,Ridgetop,Small,0.148
Lodgepole pine,Ridgetop,Medium,0.134
Lodgepole pine,Ridgetop,Large,0.134
Lodgepole pine,Ridgetop,Small,0.157
Lodgepole pine,Ridgetop,Medium,0.142
Lodgepole pine,Ridgetop,Large,0.142
Lodgepole pine,Other,Small,0.096
Lodgepole pine,Other,Medium,0.087
Lodgepole pine,Other,Large,0.087
Lodgepole pine,Other,Small,0.104
Lodgepole pine,Other,Medium,0.095
Lodgepole pine,Other,Large,0.095
Lodgepole pine,Other,Small,0.104
Lodgepole pine,Other,Medium,0.095
Lodgepole pine,Other,Large,0.095
Lodgepole pine,Ridgetop,Small,0.174
Lodgepole pine,Ridgetop,Medium,0.158
Lodgepole pine,Ridgetop,Large,0.158
Lodgepole pine,Ridgetop,Small,0.174
Lodgepole pine,Ridgetop,Medium,0.158
Lodgepole pine,Ridgetop,Large,0.158
Lodgepole pine,Ridgetop,Small,0.174
Lodgepole pine,Ridgetop,Medium,0.158
Lodgepole pine,Ridgetop,Large,0.158
Lodgepole pine,Other,Small,0.085
Lodgepole pine,Other,Medium,0.077
Lodgepole pine,Other,Large,0.077
Lodgepole pine,Other,Small,0.096
Lodgepole pine,Other,Medium,0.087
Lodgepole pine,Other,Large,0.087
Lodgepole pine,Other,Small,0.104
Lodgepole pine,Other,Medium,0.095
Lodgepole pine,Other,Large,0.095
Lodgepole pine,Ridgetop,Small,0.161
Lodgepole pine,Ridgetop,Medium,0.146
Lodgepole pine,Ridgetop,Large,0.146
Lodgepole pine,Ridgetop,Small,0.161
Lodgepole pine,Ridgetop,Medium,0.146
Lodgepole pine,Ridgetop,Large,0.146
Lodgepole pine,Ridgetop,Small,0.165
Lodgepole pine,Ridgetop,Medium,0.150
Lodgepole pine,Ridgetop,Large,0.150
Lodgepole pine,Other,Small,0.096
Lodgepole pine,Other,Medium,0.087
Lodgepole pine,Other,Large,0.087
Lodgepole pine,Other,Small,0.104
Lodgepole pine,Other,Medium,0.095
Lodgepole pine,Other,Large,0.095
Lodgepole pine,Other,Small,0.104
Lodgepole pine,Other,Medium,0.095
Lodgepole pine,Other,Large,0.095
Lodgepole pine,Ridgetop,Small,0.174
Lodgepole pine,Ridgetop,Medium,0.158
Lodgepole pine,Ridgetop,Large,0.158
Lodgepole pine,Ridgetop,Small,0.174
Lodgepole pine,Ridgetop,Medium,0.158
Lodgepole pine,Ridgetop,Large,0.158
Lodgepole pine,Ridgetop,Small,0.174
Lodgepole pine,Ridgetop,Medium,0.158
Lodgepole pine,Ridgetop,Large,0.158
Spruce,Other,Small,0.067
Spruce,Other,Medium,0.040
Spruce,Other,Large,0.038
Spruce,Other,Small,0.074
Spruce,Other,Medium,0.045
Spruce,Other,Large,0.042
Spruce,Other,Small,0.091
Spruce,Other,Medium,0.055
Spruce,Other,Large,0.052
Spruce,Ridgetop,Small,0.118
Spruce,Ridgetop,Medium,0.071
Spruce,Ridgetop,Large,0.067
Spruce,Ridgetop,Small,0.122
Spruce,Ridgetop,Medium,0.074
Spruce,Ridgetop,Large,0.069
Spruce,Ridgetop,Small,0.129
Spruce,Ridgetop,Medium,0.078
Spruce,Ridgetop,Large,0.073
Spruce,Other,Small,0.084
Spruce,Other,Medium,0.051
Spruce,Other,Large,0.047
Spruce,Other,Small,0.091
Spruce,Other,Medium,0.055
Spruce,Other,Large,0.052
Spruce,Other,Small,0.091
Spruce,Other,Medium,0.055
Spruce,Other,Large,0.052
Spruce,Ridgetop,Small,0.152
Spruce,Ridgetop,Medium,0.092
Spruce,Ridgetop,Large,0.086
Spruce,Ridgetop,Small,0.152
Spruce,Ridgetop,Medium,0.092
Spruce,Ridgetop,Large,0.086
Spruce,Ridgetop,Small,0.152
Spruce,Ridgetop,Medium,0.092
Spruce,Ridgetop,Large,0.086
Spruce,Other,Small,0.068
Spruce,Other,Medium,0.041
Spruce,Other,Large,0.039
Spruce,Other,Small,0.076
Spruce,Other,Medium,0.046
Spruce,Other,Large,0.043
Spruce,Other,Small,0.091
Spruce,Other,Medium,0.055
Spruce,Other,Large,0.052
Spruce,Ridgetop,Small,0.129
Spruce,Ridgetop,Medium,0.078
Spruce,Ridgetop,Large,0.073
Spruce,Ridgetop,Small,0.129
Spruce,Ridgetop,Medium,0.078
Spruce,Ridgetop,Large,0.073
Spruce,Ridgetop,Small,0.137
Spruce,Ridgetop,Medium,0.083
Spruce,Ridgetop,Large,0.077
Spruce,Other,Small,0.084
Spruce,Other,Medium,0.051
Spruce,Other,Large,0.047
Spruce,Other,Small,0.091
Spruce,Other,Medium,0.055
Spruce,Other,Large,0.052
Spruce,Other,Small,0.091
Spruce,Other,Medium,0.055
Spruce,Other,Large,0.052
Spruce,Ridgetop,Small,0.152
Spruce,Ridgetop,Medium,0.092
Spruce,Ridgetop,Large,0.086
Spruce,Ridgetop,Small,0.152
Spruce,Ridgetop,Medium,0.092
Spruce,Ridgetop,Large,0.086
Spruce,Ridgetop,Small,0.152
Spruce,Ridgetop,Medium,0.092
Spruce,Ridgetop,Large,0.086
Spruce,Other,Small,0.074
Spruce,Other,Medium,0.045
Spruce,Other,Large,0.042
Spruce,Other,Small,0.084
Spruce,Other,Medium,0.051
Spruce,Other,Large,0.047
Spruce,Other,Small,0.091
Spruce,Other,Medium,0.055
Spruce,Other,Large,0.052
Spruce,Ridgetop,Small,0.141
Spruce,Ridgetop,Medium,0.085
Spruce,Ridgetop,Large,0.080
Spruce,Ridgetop,Small,0.141
Spruce,Ridgetop,Medium,0.085
Spruce,Ridgetop,Large,0.080
Spruce,Ridgetop,Small,0.144
Spruce,Ridgetop,Medium,0.087
Spruce,Ridgetop,Large,0.082
Spruce,Other,Small,0.084
Spruce,Other,Medium,0.051
Spruce,Other,Large,0.047
Spruce,Other,Small,0.091
Spruce,Other,Medium,0.055
Spruce,Other,Large,0.052
Spruce,Other,Small,0.091
Spruce,Other,Medium,0.055
Spruce,Other,Large,0.052
Spruce,Ridgetop,Small,0.152
Spruce,Ridgetop,Medium,0.092
Spruce,Ridgetop,Large,0.086
Spruce,Ridgetop,Small,0.152
Spruce,Ridgetop,Medium,0.092
Spruce,Ridgetop,Large,0.086
Spruce,Ridgetop,Small,0.152
Spruce,Ridgetop,Medium,0.092
Spruce,Ridgetop,Large,0.086
Western hemlock,Other,Small,0.053
Western hemlock,Other,Medium,0.032
Western hemlock,Other,Large,0.018
Western hemlock,Other,Small,0.059
Western hemlock,Other,Medium,0.036
Western hemlock,Other,Large,0.020
Western hemlock,Other,Small,0.073
Western hemlock,Other,Medium,0.044
Western hemlock,Other,Large,0.024
Western hemlock,Ridgetop,Small,0.095
Western hemlock,Ridgetop,Medium,0.057
Western hemlock,Ridgetop,Large,0.031
Western hemlock,Ridgetop,Small,0.098
Western hemlock,Ridgetop,Medium,0.059
Western hemlock,Ridgetop,Large,0.032
Western hemlock,Ridgetop,Small,0.104
Western hemlock,Ridgetop,Medium,0.063
Western hemlock,Ridgetop,Large,0.034
Western hemlock,Other,Small,0.067
Western hemlock,Other,Medium,0.041
Western hemlock,Other,Large,0.022
Western hemlock,Other,Small,0.073
Western hemlock,Other,Medium,0.044
Western hemlock,Other,Large,0.024
Western hemlock,Other,Small,0.073
Western hemlock,Other,Medium,0.044
Western hemlock,Other,Large,0.024
Western hemlock,Ridgetop,Small,0.122
Western hemlock,Ridgetop,Medium,0.074
Western hemlock,Ridgetop,Large,0.040
Western hemlock,Ridgetop,Small,0.122
Western hemlock,Ridgetop,Medium,0.074
Western hemlock,Ridgetop,Large,0.040
Western hemlock,Ridgetop,Small,0.122
Western hemlock,Ridgetop,Medium,0.074
Western hemlock,Ridgetop,Large,0.040
Western hemlock,Other,Small,0.055
Western hemlock,Other,Medium,0.033
Western hemlock,Other,Large,0.018
Western hemlock,Other,Small,0.061
Western hemlock,Other,Medium,0.037
Western hemlock,Other,Large,0.020
Western hemlock,Other,Small,0.073
Western hemlock,Other,Medium,0.044
Western hemlock,Other,Large,0.024
Western hemlock,Ridgetop,Small,0.104
Western hemlock,Ridgetop,Medium,0.063
Western hemlock,Ridgetop,Large,0.034
Western hemlock,Ridgetop,Small,0.104
Western hemlock,Ridgetop,Medium,0.063
Western hemlock,Ridgetop,Large,0.034
Western hemlock,Ridgetop,Small,0.110
Western hemlock,Ridgetop,Medium,0.067
Western hemlock,Ridgetop,Large,0.036
Western hemlock,Other,Small,0.067
Western hemlock,Other,Medium,0.041
Western hemlock,Other,Large,0.022
Western hemlock,Other,Small,0.073
Western hemlock,Other,Medium,0.044
Western hemlock,Other,Large,0.024
Western hemlock,Other,Small,0.073
Western hemlock,Other,Medium,0.044
Western hemlock,Other,Large,0.024
Western hemlock,Ridgetop,Small,0.122
Western hemlock,Ridgetop,Medium,0.074
Western hemlock,Ridgetop,Large,0.040
Western hemlock,Ridgetop,Small,0.122
Western hemlock,Ridgetop,Medium,0.074
Western hemlock,Ridgetop,Large,0.040
Western hemlock,Ridgetop,Small,0.122
Western hemlock,Ridgetop,Medium,0.074
Western hemlock,Ridgetop,Large,0.040
Western hemlock,Other,Small,0.059
Western hemlock,Other,Medium,0.036
Western hemlock,Other,Large,0.020
Western hemlock,Other,Small,0.067
Western hemlock,Other,Medium,0.041
Western hemlock,Other,Large,0.022
Western hemlock,Other,Small,0.073
Western hemlock,Other,Medium,0.044
Western hemlock,Other,Large,0.024
Western hemlock,Ridgetop,Small,0.113
Western hemlock,Ridgetop,Medium,0.068
Western hemlock,Ridgetop,Large,0.037
Western hemlock,Ridgetop,Small,0.113
Western hemlock,Ridgetop,Medium,0.068
Western hemlock,Ridgetop,Large,0.037
Western hemlock,Ridgetop,Small,0.116
Western hemlock,Ridgetop,Medium,0.070
Western hemlock,Ridgetop,Large,0.038
Western hemlock,Other,Small,0.067
Western hemlock,Other,Medium,0.041
Western hemlock,Other,Large,0.022
Western hemlock,Other,Small,0.073
Western hemlock,Other,Medium,0.044
Western hemlock,Other,Large,0.024
Western hemlock,Other,Small,0.073
Western hemlock,Other,Medium,0.044
Western hemlock,Other,Large,0.024
Western hemlock,Ridgetop,Small,0.122
Western hemlock,Ridgetop,Medium,0.074
Western hemlock,Ridgetop,Large,0.040
Western hemlock,Ridgetop,Small,0.122
Western hemlock,Ridgetop,Medium,0.074
Western hemlock,Ridgetop,Large,0.040
Western hemlock,Ridgetop,Small,0.122
Western hemlock,Ridgetop,Medium,0.074
Western hemlock,Ridgetop,Large,0.040
Mountain hemlock,Other,Small,0.042
Mountain hemlock,Other,Medium,0.035
Mountain hemlock,Other,Large,0.019
Mountain hemlock,Other,Small,0.047
Mountain hemlock,Other,Medium,0.039
Mountain hemlock,Other,Large,0.021
Mountain hemlock,Other,Small,0.058
Mountain hemlock,Other,Medium,0.048
Mountain hemlock,Other,Large,0.026
Mountain hemlock,Ridgetop,Small,0.074
Mountain hemlock,Ridgetop,Medium,0.062
Mountain hemlock,Ridgetop,Large,0.034
Mountain hemlock,Ridgetop,Small,0.077
Mountain hemlock,Ridgetop,Medium,0.064
Mountain hemlock,Ridgetop,Large,0.035
Mountain hemlock,Ridgetop,Small,0.082
Mountain hemlock,Ridgetop,Medium,0.068
Mountain hemlock,Ridgetop,Large,0.037
Mountain hemlock,Other,Small,0.053
Mountain hemlock,Other,Medium,0.044
Mountain hemlock,Other,Large,0.024
Mountain hemlock,Other,Small,0.058
Mountain hemlock,Other,Medium,0.048
Mountain hemlock,Other,Large,0.026
Mountain hemlock,Other,Small,0.058
Mountain hemlock,Other,Medium,0.048
Mountain hemlock,Other,Large,0.026
Mountain hemlock,Ridgetop,Small,0.096
Mountain hemlock,Ridgetop,Medium,0.080
Mountain hemlock,Ridgetop,Large,0.044
Mountain hemlock,Ridgetop,Small,0.096
Mountain hemlock,Ridgetop,Medium,0.080
Mountain hemlock,Ridgetop,Large,0.044
Mountain hemlock,Ridgetop,Small,0.096
Mountain hemlock,Ridgetop,Medium,0.080
Mountain hemlock,Ridgetop,Large,0.044
Mountain hemlock,Other,Small,0.043
Mountain hemlock,Other,Medium,0.036
Mountain hemlock,Other,Large,0.020
Mountain hemlock,Other,Small,0.048
Mountain hemlock,Other,Medium,0.040
Mountain hemlock,Other,Large,0.022
Mountain hemlock,Other,Small,0.058
Mountain hemlock,Other,Medium,0.048
Mountain hemlock,Other,Large,0.026
Mountain hemlock,Ridgetop,Small,0.082
Mountain hemlock,Ridgetop,Medium,0.068
Mountain hemlock,Ridgetop,Large,0.037
Mountain hemlock,Ridgetop,Small,0.082
Mountain hemlock,Ridgetop,Medium,0.068
Mountain hemlock,Ridgetop,Large,0.037
Mountain hemlock,Ridgetop,Small,0.086
Mountain hemlock,Ridgetop,Medium,0.072
Mountain hemlock,Ridgetop,Large,0.040
Mountain hemlock,Other,Small,0.053
Mountain hemlock,Other,Medium,0.044
Mountain hemlock,Other,Large,0.024
Mountain hemlock,Other,Small,0.058
Mountain hemlock,Other,Medium,0.048
Mountain hemlock,Other,Large,0.026
Mountain hemlock,Other,Small,0.058
Mountain hemlock,Other,Medium,0.048
Mountain hemlock,Other,Large,0.026
Mountain hemlock,Ridgetop,Small,0.096
Mountain hemlock,Ridgetop,Medium,0.080
Mountain hemlock,Ridgetop,Large,0.044
Mountain hemlock,Ridgetop,Small,0.096
Mountain hemlock,Ridgetop,Medium,0.080
Mountain hemlock,Ridgetop,Large,0.044
Mountain hemlock,Ridgetop,Small,0.096
Mountain hemlock,Ridgetop,Medium,0.080
Mountain hemlock,Ridgetop,Large,0.044
Mountain hemlock,Other,Small,0.047
Mountain hemlock,Other,Medium,0.039
Mountain hemlock,Other,Large,0.021
Mountain hemlock,Other,Small,0.053
Mountain hemlock,Other,Medium,0.044
Mountain hemlock,Other,Large,0.024
Mountain hemlock,Other,Small,0.058
Mountain hemlock,Other,Medium,0.048
Mountain hemlock,Other,Large,0.026
Mountain hemlock,Ridgetop,Small,0.089
Mountain hemlock,Ridgetop,Medium,0.074
Mountain hemlock,Ridgetop,Large,0.041
Mountain hemlock,Ridgetop,Small,0.089
Mountain hemlock,Ridgetop,Medium,0.074
Mountain hemlock,Ridgetop,Large,0.041
Mountain hemlock,Ridgetop,Small,0.091
Mountain hemlock,Ridgetop,Medium,0.076
Mountain hemlock,Ridgetop,Large,0.042
Mountain hemlock,Other,Small,0.053
Mountain hemlock,Other,Medium,0.044
Mountain hemlock,Other,Large,0.024
Mountain hemlock,Other,Small,0.058
Mountain hemlock,Other,Medium,0.048
Mountain hemlock,Other,Large,0.026
Mountain hemlock,Other,Small,0.058
Mountain hemlock,Other,Medium,0.048
Mountain hemlock,Other,Large,0.026
Mountain hemlock,Ridgetop,Small,0.096
Mountain hemlock,Ridgetop,Medium,0.080
Mountain hemlock,Ridgetop,Large,0.044
Mountain hemlock,Ridgetop,Small,0.096
Mountain hemlock,Ridgetop,Medium,0.080
Mountain hemlock,Ridgetop,Large,0.044
Mountain hemlock,Ridgetop,Small,0.096
Mountain hemlock,Ridgetop,Medium,0.080
Mountain hemlock,Ridgetop,Large,0.044
Ponderosa pine (OR),Other,Small,0.123
Ponderosa pine (OR),Other,Medium,0.059
Ponderosa pine (OR),Other,Large,0.025
Ponderosa pine (OR),Other,Small,0.137
Ponderosa pine (OR),Other,Medium,0.065
Ponderosa pine (OR),Other,Large,0.027
Ponderosa pine (OR),Other,Small,0.169
Ponderosa pine (OR),Other,Medium,0.080
Ponderosa pine (OR),Other,Large,0.034
Ponderosa pine (OR),Ridgetop,Small,0.219
Ponderosa pine (OR),Ridgetop,Medium,0.104
Ponderosa pine (OR),Ridgetop,Large,0.043
Ponderosa pine (OR),Ridgetop,Small,0.226
Ponderosa pine (OR),Ridgetop,Medium,0.107
Ponderosa pine (OR),Ridgetop,Large,0.045
Ponderosa pine (OR),Ridgetop,Small,0.240
Ponderosa pine (OR),Ridgetop,Medium,0.114
Ponderosa pine (OR),Ridgetop,Large,0.048
Ponderosa pine (OR),Other,Small,0.155
Ponderosa pine (OR),Other,Medium,0.074
Ponderosa pine (OR),Other,Large,0.031
Ponderosa pine (OR),Other,Small,0.169
Ponderosa pine (OR),Other,Medium,0.080
Ponderosa pine (OR),Other,Large,0.034
Ponderosa pine (OR),Other,Small,0.169
Ponderosa pine (OR),Other,Medium,0.080
Ponderosa pine (OR),Other,Large,0.034
Ponderosa pine (OR),Ridgetop,Small,0.282
Ponderosa pine (OR),Ridgetop,Medium,0.134
Ponderosa pine (OR),Ridgetop,Large,0.056
Ponderosa pine (OR),Ridgetop,Small,0.282
Ponderosa pine (OR),Ridgetop,Medium,0.134
Ponderosa pine (OR),Ridgetop,Large,0.056
Ponderosa pine (OR),Ridgetop,Small,0.282
Ponderosa pine (OR),Ridgetop,Medium,0.134
Ponderosa pine (OR),Ridgetop,Large,0.056
Ponderosa pine (OR),Other,Small,0.127
Ponderosa pine (OR),Other,Medium,0.060
Ponderosa pine (OR),Other,Large,0.025
Ponderosa pine (OR),Other,Small,0.141
Ponderosa pine (OR),Other,Medium,0.067
Ponderosa pine (OR),Other,Large,0.028
Ponderosa pine (OR),Other,Small,0.169
Ponderosa pine (OR),Other,Medium,0.080
Ponderosa pine (OR),Other,Large,0.034
Ponderosa pine (OR),Ridgetop,Small,0.240
Ponderosa pine (OR),Ridgetop,Medium,0.114
Ponderosa pine (OR),Ridgetop,Large,0.048
Ponderosa pine (OR),Ridgetop,Small,0.240
Ponderosa pine (OR),Ridgetop,Medium,0.114
Ponderosa pine (OR),Ridgetop,Large,0.048
Ponderosa pine (OR),Ridgetop,Small,0.254
Ponderosa pine (OR),Ridgetop,Medium,0.121
Ponderosa pine (OR),Ridgetop,Large,0.050
Ponderosa pine (OR),Other,Small,0.155
Ponderosa pine (OR),Other,Medium,0.074
Ponderosa pine (OR),Other,Large,0.031
Ponderosa pine (OR),Other,Small,0.169
Ponderosa pine (OR),Other,Medium,0.080
Ponderosa pine (OR),Other,Large,0.034
Ponderosa pine (OR),Other,Small,0.169
Ponderosa pine (OR),Other,Medium,0.080
Ponderosa pine (OR),Other,Large,0.034
Ponderosa pine (OR),Ridgetop,Small,0.282
Ponderosa pine (OR),Ridgetop,Medium,0.134
Ponderosa pine (OR),Ridgetop,Large,0.056
Ponderosa pine (OR),Ridgetop,Small,0.282
Ponderosa pine (OR),Ridgetop,Medium,0.134
Ponderosa pine (OR),Ridgetop,Large,0.056
Ponderosa pine (OR),Ridgetop,Small,0.282
Ponderosa pine (OR),Ridgetop,Medium,0.134
Ponderosa pine (OR),Ridgetop,Large,0.056
Ponderosa pine (OR),Other,Small,0.137
Ponderosa pine (OR),Other,Medium,0.065
Ponderosa pine (OR),Other,Large,0.027
Ponderosa pine (OR),Other,Small,0.155
Ponderosa pine (OR),Other,Medium,0.074
Ponderosa pine (OR),Other,Large,0.031
Ponderosa pine (OR),Other,Small,0.169
Ponderosa pine (OR),Other,Medium,0.080
Ponderosa pine (OR),Other,Large,0.034
Ponderosa pine (OR),Ridgetop,Small,0.261
Ponderosa pine (OR),Ridgetop,Medium,0.124
Ponderosa pine (OR),Ridgetop,Large,0.052
Ponderosa pine (OR),Ridgetop,Small,0.261
Ponderosa pine (OR),Ridgetop,Medium,0.124
Ponderosa pine (OR),Ridgetop,Large,0.052
Ponderosa pine (OR),Ridgetop,Small,0.268
Ponderosa pine (OR),Ridgetop,Medium,0.127
Ponderosa pine (OR),Ridgetop,Large,0.053
Ponderosa pine (OR),Other,Small,0.155
Ponderosa pine (OR),Other,Medium,0.074
Ponderosa pine (OR),Other,Large,0.031
Ponderosa pine (OR),Other,Small,0.169
Ponderosa pine (OR),Other,Medium,0.080
Ponderosa pine (OR),Other,Large,0.034
Ponderosa pine (OR),Other,Small,0.169
Ponderosa pine (OR),Other,Medium,0.080
Ponderosa pine (OR),Other,Large,0.034
Ponderosa pine (OR),Ridgetop,Small,0.282
Ponderosa pine (OR),Ridgetop,Medium,0.134
Ponderosa pine (OR),Ridgetop,Large,0.056
Ponderosa pine (OR),Ridgetop,Small,0.282
Ponderosa pine (OR),Ridgetop,Medium,0.134
Ponderosa pine (OR),Ridgetop,Large,0.056
Ponderosa pine (OR),Ridgetop,Small,0.282
Ponderosa pine (OR),Ridgetop,Medium,0.134
Ponderosa pine (OR),Ridgetop,Large,0.056
Ponderosa pine (WA),Other,Small,0.137
Ponderosa pine (WA),Other,Medium,0.071
Ponderosa pine (WA),Other,Large,0.025
Ponderosa pine (WA),Other,Small,0.152
Ponderosa pine (WA),Other,Medium,0.079
Ponderosa pine (WA),Other,Large,0.027
Ponderosa pine (WA),Other,Small,0.187
Ponderosa pine (WA),Other,Medium,0.097
Ponderosa pine (WA),Other,Large,0.034
Ponderosa pine (WA),Ridgetop,Small,0.242
Ponderosa pine (WA),Ridgetop,Medium,0.126
Ponderosa pine (WA),Ridgetop,Large,0.043
Ponderosa pine (WA),Ridgetop,Small,0.250
Ponderosa pine (WA),Ridgetop,Medium,0.130
Ponderosa pine (WA),Ridgetop,Large,0.045
Ponderosa pine (WA),Ridgetop,Small,0.265
Ponderosa pine (WA),Ridgetop,Medium,0.138
Ponderosa pine (WA),Ridgetop,Large,0.048
Ponderosa pine (WA),Other,Small,0.172
Ponderosa pine (WA),Other,Medium,0.089
Ponderosa pine (WA),Other,Large,0.031
Ponderosa pine (WA),Other,Small,0.187
Ponderosa pine (WA),Other,Medium,0.097
Ponderosa pine (WA),Other,Large,0.034
Ponderosa pine (WA),Other,Small,0.187
Ponderosa pine (WA),Other,Medium,0.097
Ponderosa pine (WA),Other,Large,0.034
Ponderosa pine (WA),Ridgetop,Small,0.312
Ponderosa pine (WA),Ridgetop,Medium,0.162
Ponderosa pine (WA),Ridgetop,Large,0.056
Ponderosa pine (WA),Ridgetop,Small,0.312
Ponderosa pine (WA),Ridgetop,Medium,0.162
Ponderosa pine (WA),Ridgetop,Large,0.056
Ponderosa pine (WA),Ridgetop,Small,0.312
Ponderosa pine (WA),Ridgetop,Medium,0.162
Ponderosa pine (WA),Ridgetop,Large,0.056
Ponderosa pine (WA),Other,Small,0.140
Ponderosa pine (WA),Other,Medium,0.073
Ponderosa pine (WA),Other,Large,0.025
Ponderosa pine (WA),Other,Small,0.156
Ponderosa pine (WA),Other,Medium,0.081
Ponderosa pine (WA),Other,Large,0.028
Ponderosa pine (WA),Other,Small,0.187
Ponderosa pine (WA),Other,Medium,0.097
Ponderosa pine (WA),Other,Large,0.034
Ponderosa pine (WA),Ridgetop,Small,0.265
Ponderosa pine (WA),Ridgetop,Medium,0.138
Ponderosa pine (WA),Ridgetop,Large,0.048
Ponderosa pine (WA),Ridgetop,Small,0.265
Ponderosa pine (WA),Ridgetop,Medium,0.138
Ponderosa pine (WA),Ridgetop,Large,0.048
Ponderosa pine (WA),Ridgetop,Small,0.281
Ponderosa pine (WA),Ridgetop,Medium,0.146
Ponderosa pine (WA),Ridgetop,Large,0.050
Ponderosa pine (WA),Other,Small,0.172
Ponderosa pine (WA),Other,Medium,0.089
Ponderosa pine (WA),Other,Large,0.031
Ponderosa pine (WA),Other,Small,0.187
Ponderosa pine (WA),Other,Medium,0.097
Ponderosa pine (WA),Other,Large,0.034
Ponderosa pine (WA),Other,Small,0.187
Ponderosa pine (WA),Other,Medium,0.097
Ponderosa pine (WA),Other,Large,0.034
Ponderosa pine (WA),Ridgetop,Small,0.312
Ponderosa pine (WA),Ridgetop,Medium,0.162
Ponderosa pine (WA),Ridgetop,Large,0.056
Ponderosa pine (WA),Ridgetop,Small,0.312
Ponderosa pine (WA),Ridgetop,Medium,0.162
Ponderosa pine (WA),Ridgetop,Large,0.056
Ponderosa pine (WA),Ridgetop,Small,0.312
Ponderosa pine (WA),Ridgetop,Medium,0.162
Ponderosa pine (WA),Ridgetop,Large,0.056
Ponderosa pine (WA),Other,Small,0.152
Ponderosa pine (WA),Other,Medium,0.079
Ponderosa pine (WA),Other,Large,0.027
Ponderosa pine (WA),Other,Small,0.172
Ponderosa pine (WA),Other,Medium,0.089
Ponderosa pine (WA),Other,Large,0.031
Ponderosa pine (WA),Other,Small,0.187
Ponderosa pine (WA),Other,Medium,0.097
Ponderosa pine (WA),Other,Large,0.034
Ponderosa pine (WA),Ridgetop,Small,0.289
Ponderosa pine (WA),Ridgetop,Medium,0.150
Ponderosa pine (WA),Ridgetop,Large,0.052
Ponderosa pine (WA),Ridgetop,Small,0.289
Ponderosa pine (WA),Ridgetop,Medium,0.150
Ponderosa pine (WA),Ridgetop,Large,0.052
Ponderosa pine (WA),Ridgetop,Small,0.296
Ponderosa pine (WA),Ridgetop,Medium,0.154
Ponderosa pine (WA),Ridgetop,Large,0.053
Ponderosa pine (WA),Other,Small,0.172
Ponderosa pine (WA),Other,Medium,0.089
Ponderosa pine (WA),Other,Large,0.031
Ponderosa pine (WA),Other,Small,0.187
Ponderosa pine (WA),Other,Medium,0.097
Ponderosa pine (WA),Other,Large,0.034
Ponderosa pine (WA),Other,Small,0.187
Ponderosa pine (WA),Other,Medium,0.097
Ponderosa pine (WA),Other,Large,0.034
Ponderosa pine (WA),Ridgetop,Small,0.312
Ponderosa pine (WA),Ridgetop,Medium,0.162
Ponderosa pine (WA),Ridgetop,Large,0.056
Ponderosa pine (WA),Ridgetop,Small,0.312
Ponderosa pine (WA),Ridgetop,Medium,0.162
Ponderosa pine (WA),Ridgetop,Large,0.056
Ponderosa pine (WA),Ridgetop,Small,0.312
Ponderosa pine (WA),Ridgetop,Medium,0.162
Ponderosa pine (WA),Ridgetop,Large,0.056
Pacific silver fir (OR),Other,Small,0.067
Pacific silver fir (OR),Other,Medium,0.038
Pacific silver fir (OR),Other,Large,0.017
Pacific silver fir (OR),Other,Small,0.075
Pacific silver fir (OR),Other,Medium,0.042
Pacific silver fir (OR),Other,Large,0.019
Pacific silver fir (OR),Other,Small,0.092
Pacific silver fir (OR),Other,Medium,0.052
Pacific silver fir (OR),Other,Large,0.023
Pacific silver fir (OR),Ridgetop,Small,0.119
Pacific silver fir (OR),Ridgetop,Medium,0.067
Pacific silver fir (OR),Ridgetop,Large,0.029
Pacific silver fir (OR),Ridgetop,Small,0.123
Pacific silver fir (OR),Ridgetop,Medium,0.069
Pacific silver fir (OR),Ridgetop,Large,0.030
Pacific silver fir (OR),Ridgetop,Small,0.131
Pacific silver fir (OR),Ridgetop,Medium,0.073
Pacific silver fir (OR),Ridgetop,Large,0.032
Pacific silver fir (OR),Other,Small,0.085
Pacific silver fir (OR),Other,Medium,0.047
Pacific silver fir (OR),Other,Large,0.021
Pacific silver fir (OR),Other,Small,0.092
Pacific silver fir (OR),Other,Medium,0.052
Pacific silver fir (OR),Other,Large,0.023
Pacific silver fir (OR),Other,Small,0.092
Pacific silver fir (OR),Other,Medium,0.052
Pacific silver fir (OR),Other,Large,0.023
Pacific silver fir (OR),Ridgetop,Small,0.154
Pacific silver fir (OR),Ridgetop,Medium,0.086
Pacific silver fir (OR),Ridgetop,Large,0.038
Pacific silver fir (OR),Ridgetop,Small,0.154
Pacific silver fir (OR),Ridgetop,Medium,0.086
Pacific silver fir (OR),Ridgetop,Large,0.038
Pacific silver fir (OR),Ridgetop,Small,0.154
Pacific silver fir (OR),Ridgetop,Medium,0.086
Pacific silver fir (OR),Ridgetop,Large,0.038
Pacific silver fir (OR),Other,Small,0.069
Pacific silver fir (OR),Other,Medium,0.039
Pacific silver fir (OR),Other,Large,0.017
Pacific silver fir (OR),Other,Small,0.077
Pacific silver fir (OR),Other,Medium,0.043
Pacific silver fir (OR),Other,Large,0.019
Pacific silver fir (OR),Other,Small,0.092
Pacific silver fir (OR),Other,Medium,0.052
Pacific silver fir (OR),Other,Large,0.023
Pacific silver fir (OR),Ridgetop,Small,0.131
Pacific silver fir (OR),Ridgetop,Medium,0.073
Pacific silver fir (OR),Ridgetop,Large,0.032
Pacific silver fir (OR),Ridgetop,Small,0.131
Pacific silver fir (OR),Ridgetop,Medium,0.073
Pacific silver fir (OR),Ridgetop,Large,0.032
Pacific silver fir (OR),Ridgetop,Small,0.139
Pacific silver fir (OR),Ridgetop,Medium,0.077
Pacific silver fir (OR),Ridgetop,Large,0.034
Pacific silver fir (OR),Other,Small,0.085
Pacific silver fir (OR),Other,Medium,0.047
Pacific silver fir (OR),Other,Large,0.021
Pacific silver fir (OR),Other,Small,0.092
Pacific silver fir (OR),Other,Medium,0.052
Pacific silver fir (OR),Other,Large,0.023
Pacific silver fir (OR),Other,Small,0.092
Pacific silver fir (OR),Other,Medium,0.052
Pacific silver fir (OR),Other,Large,0.023
Pacific silver fir (OR),Ridgetop,Small,0.154
Pacific silver fir (OR),Ridgetop,Medium,0.086
Pacific silver fir (OR),Ridgetop,Large,0.038
Pacific silver fir (OR),Ridgetop,Small,0.154
Pacific silver fir (OR),Ridgetop,Medium,0.086
Pacific silver fir (OR),Ridgetop,Large,0.038
Pacific silver fir (OR),Ridgetop,Small,0.154
Pacific silver fir (OR),Ridgetop,Medium,0.086
Pacific silver fir (OR),Ridgetop,Large,0.038
Pacific silver fir (OR),Other,Small,0.075
Pacific silver fir (OR),Other,Medium,0.042
Pacific silver fir (OR),Other,Large,0.019
Pacific silver fir (OR),Other,Small,0.085
Pacific silver fir (OR),Other,Medium,0.047
Pacific silver fir (OR),Other,Large,0.021
Pacific silver fir (OR),Other,Small,0.092
Pacific silver fir (OR),Other,Medium,0.052
Pacific silver fir (OR),Other,Large,0.023
Pacific silver fir (OR),Ridgetop,Small,0.142
Pacific silver fir (OR),Ridgetop,Medium,0.080
Pacific silver fir (OR),Ridgetop,Large,0.035
Pacific silver fir (OR),Ridgetop,Small,0.142
Pacific silver fir (OR),Ridgetop,Medium,0.080
Pacific silver fir (OR),Ridgetop,Large,0.035
Pacific silver fir (OR),Ridgetop,Small,0.146
Pacific silver fir (OR),Ridgetop,Medium,0.082
Pacific silver fir (OR),Ridgetop,Large,0.036
Pacific silver fir (OR),Other,Small,0.085
Pacific silver fir (OR),Other,Medium,0.047
Pacific silver fir (OR),Other,Large,0.021
Pacific silver fir (OR),Other,Small,0.092
Pacific silver fir (OR),Other,Medium,0.052
Pacific silver fir (OR),Other,Large,0.023
Pacific silver fir (OR),Other,Small,0.092
Pacific silver fir (OR),Other,Medium,0.052
Pacific silver fir (OR),Other,Large,0.023
Pacific silver fir (OR),Ridgetop,Small,0.154
Pacific silver fir (OR),Ridgetop,Medium,0.086
Pacific silver fir (OR),Ridgetop,Large,0.038
Pacific silver fir (OR),Ridgetop,Small,0.154
Pacific silver fir (OR),Ridgetop,Medium,0.086
Pacific silver fir (OR),Ridgetop,Large,0.038
Pacific silver fir (OR),Ridgetop,Small,0.154
Pacific silver fir (OR),Ridgetop,Medium,0.086
Pacific silver fir (OR),Ridgetop,Large,0.038
Pacific silver fir (WA),Other,Small,0.043
Pacific silver fir (WA),Other,Medium,0.026
Pacific silver fir (WA),Other,Large,0.011
Pacific silver fir (WA),Other,Small,0.048
Pacific silver fir (WA),Other,Medium,0.029
Pacific silver fir (WA),Other,Large,0.013
Pacific silver fir (WA),Other,Small,0.059
Pacific silver fir (WA),Other,Medium,0.036
Pacific silver fir (WA),Other,Large,0.016
Pacific silver fir (WA),Ridgetop,Small,0.076
Pacific silver fir (WA),Ridgetop,Medium,0.047
Pacific silver fir (WA),Ridgetop,Large,0.020
Pacific silver fir (WA),Ridgetop,Small,0.078
Pacific silver fir (WA),Ridgetop,Medium,0.048
Pacific silver fir (WA),Ridgetop,Large,0.021
Pacific silver fir (WA),Ridgetop,Small,0.083
Pacific silver fir (WA),Ridgetop,Medium,0.051
Pacific silver fir (WA),Ridgetop,Large,0.022
Pacific silver fir (WA),Other,Small,0.054
Pacific silver fir (WA),Other,Medium,0.033
Pacific silver fir (WA),Other,Large,0.014
Pacific silver fir (WA),Other,Small,0.059
Pacific silver fir (WA),Other,Medium,0.036
Pacific silver fir (WA),Other,Large,0.016
Pacific silver fir (WA),Other,Small,0.059
Pacific silver fir (WA),Other,Medium,0.036
Pacific silver fir (WA),Other,Large,0.016
Pacific silver fir (WA),Ridgetop,Small,0.098
Pacific silver fir (WA),Ridgetop,Medium,0.060
Pacific silver fir (WA),Ridgetop,Large,0.026
Pacific silver fir (WA),Ridgetop,Small,0.098
Pacific silver fir (WA),Ridgetop,Medium,0.060
Pacific silver fir (WA),Ridgetop,Large,0.026
Pacific silver fir (WA),Ridgetop,Small,0.098
Pacific silver fir (WA),Ridgetop,Medium,0.060
Pacific silver fir (WA),Ridgetop,Large,0.026
Pacific silver fir (WA),Other,Small,0.044
Pacific silver fir (WA),Other,Medium,0.027
Pacific silver fir (WA),Other,Large,0.012
Pacific silver fir (WA),Other,Small,0.049
Pacific silver fir (WA),Other,Medium,0.030
Pacific silver fir (WA),Other,Large,0.013
Pacific silver fir (WA),Other,Small,0.059
Pacific silver fir (WA),Other,Medium,0.036
Pacific silver fir (WA),Other,Large,0.016
Pacific silver fir (WA),Ridgetop,Small,0.083
Pacific silver fir (WA),Ridgetop,Medium,0.051
Pacific silver fir (WA),Ridgetop,Large,0.022
Pacific silver fir (WA),Ridgetop,Small,0.083
Pacific silver fir (WA),Ridgetop,Medium,0.051
Pacific silver fir (WA),Ridgetop,Large,0.022
Pacific silver fir (WA),Ridgetop,Small,0.088
Pacific silver fir (WA),Ridgetop,Medium,0.054
Pacific silver fir (WA),Ridgetop,Large,0.023
Pacific silver fir (WA),Other,Small,0.054
Pacific silver fir (WA),Other,Medium,0.033
Pacific silver fir (WA),Other,Large,0.014
Pacific silver fir (WA),Other,Small,0.059
Pacific silver fir (WA),Other,Medium,0.036
Pacific silver fir (WA),Other,Large,0.016
Pacific silver fir (WA),Other,Small,0.059
Pacific silver fir (WA),Other,Medium,0.036
Pacific silver fir (WA),Other,Large,0.016
Pacific silver fir (WA),Ridgetop,Small,0.098
Pacific silver fir (WA),Ridgetop,Medium,0.060
Pacific silver fir (WA),Ridgetop,Large,0.026
Pacific silver fir (WA),Ridgetop,Small,0.098
Pacific silver fir (WA),Ridgetop,Medium,0.060
Pacific silver fir (WA),Ridgetop,Large,0.026
Pacific silver fir (WA),Ridgetop,Small,0.098
Pacific silver fir (WA),Ridgetop,Medium,0.060
Pacific silver fir (WA),Ridgetop,Large,0.026
Pacific silver fir (WA),Other,Small,0.048
Pacific silver fir (WA),Other,Medium,0.029
Pacific silver fir (WA),Other,Large,0.013
Pacific silver fir (WA),Other,Small,0.054
Pacific silver fir (WA),Other,Medium,0.033
Pacific silver fir (WA),Other,Large,0.014
Pacific silver fir (WA),Other,Small,0.059
Pacific silver fir (WA),Other,Medium,0.036
Pacific silver fir (WA),Other,Large,0.016
Pacific silver fir (WA),Ridgetop,Small,0.091
Pacific silver fir (WA),Ridgetop,Medium,0.056
Pacific silver fir (WA),Ridgetop,Large,0.024
Pacific silver fir (WA),Ridgetop,Small,0.091
Pacific silver fir (WA),Ridgetop,Medium,0.056
Pacific silver fir (WA),Ridgetop,Large,0.024
Pacific silver fir (WA),Ridgetop,Small,0.093
Pacific silver fir (WA),Ridgetop,Medium,0.057
Pacific silver fir (WA),Ridgetop,Large,0.025
Pacific silver fir (WA),Other,Small,0.054
Pacific silver fir (WA),Other,Medium,0.033
Pacific silver fir (WA),Other,Large,0.014
Pacific silver fir (WA),Other,Small,0.059
Pacific silver fir (WA),Other,Medium,0.036
Pacific silver fir (WA),Other,Large,0.016
Pacific silver fir (WA),Other,Small,0.059
Pacific silver fir (WA),Other,Medium,0.036
Pacific silver fir (WA),Other,Large,0.016
Pacific silver fir (WA),Ridgetop,Small,0.098
Pacific silver fir (WA),Ridgetop,Medium,0.060
Pacific silver fir (WA),Ridgetop,Large,0.026
Pacific silver fir (WA),Ridgetop,Small,0.098
Pacific silver fir (WA),Ridgetop,Medium,0.060
Pacific silver fir (WA),Ridgetop,Large,0.026
Pacific silver fir (WA),Ridgetop,Small,0.098
Pacific silver fir (WA),Ridgetop,Medium,0.060
Pacific silver fir (WA),Ridgetop,Large,0.026
Grand/white fir,Other,Small,0.088
Grand/white fir,Other,Medium,0.032
Grand/white fir,Other,Large,0.016
Grand/white fir,Other,Small,0.098
Grand/white fir,Other,Medium,0.035
Grand/white fir,Other,Large,0.018
Grand/white fir,Other,Small,0.120
Grand/white fir,Other,Medium,0.043
Grand/white fir,Other,Large,0.022
Grand/white fir,Ridgetop,Small,0.155
Grand/white fir,Ridgetop,Medium,0.056
Grand/white fir,Ridgetop,Large,0.028
Grand/white fir,Ridgetop,Small,0.160
Grand/white fir,Ridgetop,Medium,0.058
Grand/white fir,Ridgetop,Large,0.029
Grand/white fir,Ridgetop,Small,0.170
Grand/white fir,Ridgetop,Medium,0.061
Grand/white fir,Ridgetop,Large,0.031
Grand/white fir,Other,Small,0.110
Grand/white fir,Other,Medium,0.040
Grand/white fir,Other,Large,0.020
Grand/white fir,Other,Small,0.120
Grand/white fir,Other,Medium,0.043
Grand/white fir,Other,Large,0.022
Grand/white fir,Other,Small,0.120
Grand/white fir,Other,Medium,0.043
Grand/white fir,Other,Large,0.022
Grand/white fir,Ridgetop,Small,0.200
Grand/white fir,Ridgetop,Medium,0.072
Grand/white fir,Ridgetop,Large,0.036
Grand/white fir,Ridgetop,Small,0.200
Grand/white fir,Ridgetop,Medium,0.072
Grand/white fir,Ridgetop,Large,0.036
Grand/white fir,Ridgetop,Small,0.200
Grand/white fir,Ridgetop,Medium,0.072
Grand/white fir,Ridgetop,Large,0.036
Grand/white fir,Other,Small,0.090
Grand/white fir,Other,Medium,0.032
Grand/white fir,Other,Large,0.016
Grand/white fir,Other,Small,0.100
Grand/white fir,Other,Medium,0.036
Grand/white fir,Other,Large,0.018
Grand/white fir,Other,Small,0.120
Grand/white fir,Other,Medium,0.043
Grand/white fir,Other,Large,0.022
Grand/white fir,Ridgetop,Small,0.170
Grand/white fir,Ridgetop,Medium,0.061
Grand/white fir,Ridgetop,Large,0.031
Grand/white fir,Ridgetop,Small,0.170
Grand/white fir,Ridgetop,Medium,0.061
Grand/white fir,Ridgetop,Large,0.031
Grand/white fir,Ridgetop,Small,0.180
Grand/white fir,Ridgetop,Medium,0.065
Grand/white fir,Ridgetop,Large,0.032
Grand/white fir,Other,Small,0.110
Grand/white fir,Other,Medium,0.040
Grand/white fir,Other,Large,0.020
Grand/white fir,Other,Small,0.120
Grand/white fir,Other,Medium,0.043
Grand/white fir,Other,Large,0.022
Grand/white fir,Other,Small,0.120
Grand/white fir,Other,Medium,0.043
Grand/white fir,Other,Large,0.022
Grand/white fir,Ridgetop,Small,0.200
Grand/white fir,Ridgetop,Medium,0.072
Grand/white fir,Ridgetop,Large,0.036
Grand/white fir,Ridgetop,Small,0.200
Grand/white fir,Ridgetop,Medium,0.072
Grand/white fir,Ridgetop,Large,0.036
Grand/white fir,Ridgetop,Small,0.200
Grand/white fir,Ridgetop,Medium,0.072
Grand/white fir,Ridgetop,Large,0.036
Grand/white fir,Other,Small,0.098
Grand/white fir,Other,Medium,0.035
Grand/white fir,Other,Large,0.018
Grand/white fir,Other,Small,0.110
Grand/white fir,Other,Medium,0.040
Grand/white fir,Other,Large,0.020
Grand/white fir,Other,Small,0.120
Grand/white fir,Other,Medium,0.043
Grand/white fir,Other,Large,0.022
Grand/white fir,Ridgetop,Small,0.185
Grand/white fir,Ridgetop,Medium,0.067
Grand/white fir,Ridgetop,Large,0.033
Grand/white fir,Ridgetop,Small,0.185
Grand/white fir,Ridgetop,Medium,0.067
Grand/white fir,Ridgetop,Large,0.033
Grand/white fir,Ridgetop,Small,0.190
Grand/white fir,Ridgetop,Medium,0.068
Grand/white fir,Ridgetop,Large,0.034
Grand/white fir,Other,Small,0.110
Grand/white fir,Other,Medium,0.040
Grand/white fir,Other,Large,0.020
Grand/white fir,Other,Small,0.120
Grand/white fir,Other,Medium,0.043
Grand/white fir,Other,Large,0.022
Grand/white fir,Other,Small,0.120
Grand/white fir,Other,Medium,0.043
Grand/white fir,Other,Large,0.022
Grand/white fir,Ridgetop,Small,0.200
Grand/white fir,Ridgetop,Medium,0.072
Grand/white fir,Ridgetop,Large,0.036
Grand/white fir,Ridgetop,Small,0.200
Grand/white fir,Ridgetop,Medium,0.072
Grand/white fir,Ridgetop,Large,0.036
Grand/white fir,Ridgetop,Small,0.200
Grand/white fir,Ridgetop,Medium,0.072
Grand/white fir,Ridgetop,Large,0.036
Misc hardwoods,Other,Small,0.106
Misc hardwoods,Other,Medium,0.052
Misc hardwoods,Other,Large,0.036
Misc hardwoods,Other,Small,0.118
Misc hardwoods,Other,Medium,0.058
Misc hardwoods,Other,Large,0.040
Misc hardwoods,Other,Small,0.145
Misc hardwoods,Other,Medium,0.071
Misc hardwoods,Other,Large,0.049
Misc hardwoods,Ridgetop,Small,0.188
Misc hardwoods,Ridgetop,Medium,0.091
Misc hardwoods,Ridgetop,Large,0.064
Misc hardwoods,Ridgetop,Small,0.194
Misc hardwoods,Ridgetop,Medium,0.094
Misc hardwoods,Ridgetop,Large,0.066
Misc hardwoods,Ridgetop,Small,0.206
Misc hardwoods,Ridgetop,Medium,0.100
Misc hardwoods,Ridgetop,Large,0.070
Misc hardwoods,Other,Small,0.133
Misc hardwoods,Other,Medium,0.065
Misc hardwoods,Other,Large,0.045
Misc hardwoods,Other,Small,0.145
Misc hardwoods,Other,Medium,0.071
Misc hardwoods,Other,Large,0.049
Misc hardwoods,Other,Small,0.145
Misc hardwoods,Other,Medium,0.071
Misc hardwoods,Other,Large,0.049
Misc hardwoods,Ridgetop,Small,0.242
Misc hardwoods,Ridgetop,Medium,0.118
Misc hardwoods,Ridgetop,Large,0.082
Misc hardwoods,Ridgetop,Small,0.242
Misc hardwoods,Ridgetop,Medium,0.118
Misc hardwoods,Ridgetop,Large,0.082
Misc hardwoods,Ridgetop,Small,0.242
Misc hardwoods,Ridgetop,Medium,0.118
Misc hardwoods,Ridgetop,Large,0.082
Misc hardwoods,Other,Small,0.109
Misc hardwoods,Other,Medium,0.053
Misc hardwoods,Other,Large,0.037
Misc hardwoods,Other,Small,0.121
Misc hardwoods,Other,Medium,0.059
Misc hardwoods,Other,Large,0.041
Misc hardwoods,Other,Small,0.145
Misc hardwoods,Other,Medium,0.071
Misc hardwoods,Other,Large,0.049
Misc hardwoods,Ridgetop,Small,0.206
Misc hardwoods,Ridgetop,Medium,0.100
Misc hardwoods,Ridgetop,Large,0.070
Misc hardwoods,Ridgetop,Small,0.206
Misc hardwoods,Ridgetop,Medium,0.100
Misc hardwoods,Ridgetop,Large,0.070
Misc hardwoods,Ridgetop,Small,0.218
Misc hardwoods,Ridgetop,Medium,0.106
Misc hardwoods,Ridgetop,Large,0.074
Misc hardwoods,Other,Small,0.133
Misc hardwoods,Other,Medium,0.065
Misc hardwoods,Other,Large,0.045
Misc hardwoods,Other,Small,0.145
Misc hardwoods,Other,Medium,0.071
Misc hardwoods,Other,Large,0.049
Misc hardwoods,Other,Small,0.145
Misc hardwoods,Other,Medium,0.071
Misc hardwoods,Other,Large,0.049
Misc hardwoods,Ridgetop,Small,0.242
Misc hardwoods,Ridgetop,Medium,0.118
Misc hardwoods,Ridgetop,Large,0.082
Misc hardwoods,Ridgetop,Small,0.242
Misc hardwoods,Ridgetop,Medium,0.118
Misc hardwoods,Ridgetop,Large,0.082
Misc hardwoods,Ridgetop,Small,0.242
Misc hardwoods,Ridgetop,Medium,0.118
Misc hardwoods,Ridgetop,Large,0.082
Misc hardwoods,Other,Small,0.118
Misc hardwoods,Other,Medium,0.058
Misc hardwoods,Other,Large,0.040
Misc hardwoods,Other,Small,0.133
Misc hardwoods,Other,Medium,0.065
Misc hardwoods,Other,Large,0.045
Misc hardwoods,Other,Small,0.145
Misc hardwoods,Other,Medium,0.071
Misc hardwoods,Other,Large,0.049
Misc hardwoods,Ridgetop,Small,0.224
Misc hardwoods,Ridgetop,Medium,0.109
Misc hardwoods,Ridgetop,Large,0.076
Misc hardwoods,Ridgetop,Small,0.224
Misc hardwoods,Ridgetop,Medium,0.109
Misc hardwoods,Ridgetop,Large,0.076
Misc hardwoods,Ridgetop,Small,0.230
Misc hardwoods,Ridgetop,Medium,0.112
Misc hardwoods,Ridgetop,Large,0.078
Misc hardwoods,Other,Small,0.133
Misc hardwoods,Other,Medium,0.065
Misc hardwoods,Other,Large,0.045
Misc hardwoods,Other,Small,0.145
Misc hardwoods,Other,Medium,0.071
Misc hardwoods,Other,Large,0.049
Misc hardwoods,Other,Small,0.145
Misc hardwoods,Other,Medium,0.071
Misc hardwoods,Other,Large,0.049
Misc hardwoods,Ridgetop,Small,0.242
Misc hardwoods,Ridgetop,Medium,0.118
Misc hardwoods,Ridgetop,Large,0.082
Misc hardwoods,Ridgetop,Small,0.242
Misc hardwoods,Ridgetop,Medium,0.118
Misc hardwoods,Ridgetop,Large,0.082
Misc hardwoods,Ridgetop,Small,0.242
Misc hardwoods,Ridgetop,Medium,0.118
Misc hardwoods,Ridgetop,Large,0.082
Populus,Other,Small,0.124
Populus,Other,Medium,0.071
Populus,Other,Large,0.056
Populus,Other,Small,0.138
Populus,Other,Medium,0.079
Populus,Other,Large,0.062
Populus,Other,Small,0.170
Populus,Other,Medium,0.097
Populus,Other,Large,0.077
Populus,Ridgetop,Small,0.220
Populus,Ridgetop,Medium,0.126
Populus,Ridgetop,Large,0.099
Populus,Ridgetop,Small,0.227
Populus,Ridgetop,Medium,0.130
Populus,Ridgetop,Large,0.102
Populus,Ridgetop,Small,0.241
Populus,Ridgetop,Medium,0.138
Populus,Ridgetop,Large,0.109
Populus,Other,Small,0.156
Populus,Other,Medium,0.089
Populus,Other,Large,0.070
Populus,Other,Small,0.170
Populus,Other,Medium,0.097
Populus,Other,Large,0.077
Populus,Other,Small,0.170
Populus,Other,Medium,0.097
Populus,Other,Large,0.077
Populus,Ridgetop,Small,0.284
Populus,Ridgetop,Medium,0.162
Populus,Ridgetop,Large,0.128
Populus,Ridgetop,Small,0.284
Populus,Ridgetop,Medium,0.162
Populus,Ridgetop,Large,0.128
Populus,Ridgetop,Small,0.284
Populus,Ridgetop,Medium,0.162
Populus,Ridgetop,Large,0.128
Populus,Other,Small,0.128
Populus,Other,Medium,0.073
Populus,Other,Large,0.058
Populus,Other,Small,0.142
Populus,Other,Medium,0.081
Populus,Other,Large,0.064
Populus,Other,Small,0.170
Populus,Other,Medium,0.097
Populus,Other,Large,0.077
Populus,Ridgetop,Small,0.241
Populus,Ridgetop,Medium,0.138
Populus,Ridgetop,Large,0.109
Populus,Ridgetop,Small,0.241
Populus,Ridgetop,Medium,0.138
Populus,Ridgetop,Large,0.109
Populus,Ridgetop,Small,0.256
Populus,Ridgetop,Medium,0.146
Populus,Ridgetop,Large,0.115
Populus,Other,Small,0.156
Populus,Other,Medium,0.089
Populus,Other,Large,0.070
Populus,Other,Small,0.170
Populus,Other,Medium,0.097
Populus,Other,Large,0.077
Populus,Other,Small,0.170
Populus,Other,Medium,0.097
Populus,Other,Large,0.077
Populus,Ridgetop,Small,0.284
Populus,Ridgetop,Medium,0.162
Populus,Ridgetop,Large,0.128
Populus,Ridgetop,Small,0.284
Populus,Ridgetop,Medium,0.162
Populus,Ridgetop,Large,0.128
Populus,Ridgetop,Small,0.284
Populus,Ridgetop,Medium,0.162
Populus,Ridgetop,Large,0.128
Populus,Other,Small,0.138
Populus,Other,Medium,0.079
Populus,Other,Large,0.062
Populus,Other,Small,0.156
Populus,Other,Medium,0.089
Populus,Other,Large,0.070
Populus,Other,Small,0.170
Populus,Other,Medium,0.097
Populus,Other,Large,0.077
Populus,Ridgetop,Small,0.263
Populus,Ridgetop,Medium,0.150
Populus,Ridgetop,Large,0.118
Populus,Ridgetop,Small,0.263
Populus,Ridgetop,Medium,0.150
Populus,Ridgetop,Large,0.118
Populus,Ridgetop,Small,0.270
Populus,Ridgetop,Medium,0.154
Populus,Ridgetop,Large,0.122
Populus,Other,Small,0.156
Populus,Other,Medium,0.089
Populus,Other,Large,0.070
Populus,Other,Small,0.170
Populus,Other,Medium,0.097
Populus,Other,Large,0.077
Populus,Other,Small,0.170
Populus,Other,Medium,0.097
Populus,Other,Large,0.077
Populus,Ridgetop,Small,0.284
Populus,Ridgetop,Medium,0.162
Populus,Ridgetop,Large,0.128
Populus,Ridgetop,Small,0.284
Populus,Ridgetop,Medium,0.162
Populus,Ridgetop,Large,0.128
Populus,Ridgetop,Small,0.284
Populus,Ridgetop,Medium,0.162
Populus,Ridgetop,Large,0.128
Alder,Other,Small,0.122
Alder,Other,Medium,0.069
Alder,Other,Large,0.054
Alder,Other,Small,0.136
Alder,Other,Medium,0.077
Alder,Other,Large,0.060
Alder,Other,Small,0.167
Alder,Other,Medium,0.095
Alder,Other,Large,0.074
Alder,Ridgetop,Small,0.215
Alder,Ridgetop,Medium,0.122
Alder,Ridgetop,Large,0.096
Alder,Ridgetop,Small,0.222
Alder,Ridgetop,Medium,0.126
Alder,Ridgetop,Large,0.099
Alder,Ridgetop,Small,0.236
Alder,Ridgetop,Medium,0.134
Alder,Ridgetop,Large,0.105
Alder,Other,Small,0.153
Alder,Other,Medium,0.087
Alder,Other,Large,0.068
Alder,Other,Small,0.167
Alder,Other,Medium,0.095
Alder,Other,Large,0.074
Alder,Other,Small,0.167
Alder,Other,Medium,0.095
Alder,Other,Large,0.074
Alder,Ridgetop,Small,0.278
Alder,Ridgetop,Medium,0.158
Alder,Ridgetop,Large,0.124
Alder,Ridgetop,Small,0.278
Alder,Ridgetop,Medium,0.158
Alder,Ridgetop,Large,0.124
Alder,Ridgetop,Small,0.278
Alder,Ridgetop,Medium,0.158
Alder,Ridgetop,Large,0.124
Alder,Other,Small,0.125
Alder,Other,Medium,0.071
Alder,Other,Large,0.056
Alder,Other,Small,0.139
Alder,Other,Medium,0.079
Alder,Other,Large,0.062
Alder,Other,Small,0.167
Alder,Other,Medium,0.095
Alder,Other,Large,0.074
Alder,Ridgetop,Small,0.236
Alder,Ridgetop,Medium,0.134
Alder,Ridgetop,Large,0.105
Alder,Ridgetop,Small,0.236
Alder,Ridgetop,Medium,0.134
Alder,Ridgetop,Large,0.105
Alder,Ridgetop,Small,0.250
Alder,Ridgetop,Medium,0.142
Alder,Ridgetop,Large,0.112
Alder,Other,Small,0.153
Alder,Other,Medium,0.087
Alder,Other,Large,0.068
Alder,Other,Small,0.167
Alder,Other,Medium,0.095
Alder,Other,Large,0.074
Alder,Other,Small,0.167
Alder,Other,Medium,0.095
Alder,Other,Large,0.074
Alder,Ridgetop,Small,0.278
Alder,Ridgetop,Medium,0.158
Alder,Ridgetop,Large,0.124
Alder,Ridgetop,Small,0.278
Alder,Ridgetop,Medium,0.158
Alder,Ridgetop,Large,0.124
Alder,Ridgetop,Small,0.278
Alder,Ridgetop,Medium,0.158
Alder,Ridgetop,Large,0.124
Alder,Other,Small,0.136
Alder,Other,Medium,0.077
Alder,Other,Large,0.060
Alder,Other,Small,0.153
Alder,Other,Medium,0.087
Alder,Other,Large,0.068
Alder,Other,Small,0.167
Alder,Other,Medium,0.095
Alder,Other,Large,0.074
Alder,Ridgetop,Small,0.257
Alder,Ridgetop,Medium,0.146
Alder,Ridgetop,Large,0.115
Alder,Ridgetop,Small,0.257
Alder,Ridgetop,Medium,0.146
Alder,Ridgetop,Large,0.115
Alder,Ridgetop,Small,0.264
Alder,Ridgetop,Medium,0.150
Alder,Ridgetop,Large,0.118
Alder,Other,Small,0.153
Alder,Other,Medium,0.087
Alder,Other,Large,0.068
Alder,Other,Small,0.167
Alder,Other,Medium,0.095
Alder,Other,Large,0.074
Alder,Other,Small,0.167
Alder,Other,Medium,0.095
Alder,Other,Large,0.074
Alder,Ridgetop,Small,0.278
Alder,Ridgetop,Medium,0.158
Alder,Ridgetop,Large,0.124
Alder,Ridgetop,Small,0.278
Alder,Ridgetop,Medium,0.158
Alder,Ridgetop,Large,0.124
Alder,Ridgetop,Small,0.278
Alder,Ridgetop,Medium,0.158
Alder,Ridgetop,Large,0.124
